,city,state,artist,song,uris,popularity,date,danceability,energy,key,loudness,mode,speechiness,acousticness,instrumentalness,liveness,valence,tempo,type,id,uri,track_href,analysis_url,duration_ms,time_signature
0,South Dakota,South Dakota,Liz Phair,South Dakota,spotify:track:3MOpHznJURu9tfroi3iq5P,8,2018-05-04,0.65,0.153,2.0,-14.333,0.0,0.0314,0.873,0.000218,0.0698,0.26,116.62100000000001,audio_features,3MOpHznJURu9tfroi3iq5P,spotify:track:3MOpHznJURu9tfroi3iq5P,https://api.spotify.com/v1/tracks/3MOpHznJURu9tfroi3iq5P,https://api.spotify.com/v1/audio-analysis/3MOpHznJURu9tfroi3iq5P,261040.0,4.0
1,South Dakota,South Dakota,Bee Gees,South Dakota Morning,spotify:track:6Qmx84uFTW9owAIrcOT0y5,18,1973-01-01,0.502,0.126,9.0,-18.254,1.0,0.0367,0.7290000000000001,0.00257,0.132,0.309,128.92,audio_features,6Qmx84uFTW9owAIrcOT0y5,spotify:track:6Qmx84uFTW9owAIrcOT0y5,https://api.spotify.com/v1/tracks/6Qmx84uFTW9owAIrcOT0y5,https://api.spotify.com/v1/audio-analysis/6Qmx84uFTW9owAIrcOT0y5,146133.0,4.0
2,South Dakota,South Dakota,Nanci Griffith,Shaking Out the Snow,spotify:track:7h7j1QFRGInqfrK0OkWbMj,0,2018-11-02,0.6509999999999999,0.3,1.0,-10.091000000000001,1.0,0.039,0.5660000000000001,0.000315,0.10400000000000001,0.19699999999999998,129.139,audio_features,7h7j1QFRGInqfrK0OkWbMj,spotify:track:7h7j1QFRGInqfrK0OkWbMj,https://api.spotify.com/v1/tracks/7h7j1QFRGInqfrK0OkWbMj,https://api.spotify.com/v1/audio-analysis/7h7j1QFRGInqfrK0OkWbMj,284800.0,4.0
3,South Dakota,South Dakota,Johnny Cash,Big Foot,spotify:track:1efUjIw5XZ3yGSTZzvs1v0,15,1972-07-28,0.679,0.32299999999999995,3.0,-10.584000000000001,1.0,0.13,0.753,0.00173,0.33899999999999997,0.852,91.27,audio_features,1efUjIw5XZ3yGSTZzvs1v0,spotify:track:1efUjIw5XZ3yGSTZzvs1v0,https://api.spotify.com/v1/tracks/1efUjIw5XZ3yGSTZzvs1v0,https://api.spotify.com/v1/audio-analysis/1efUjIw5XZ3yGSTZzvs1v0,182067.0,4.0
4,South Dakota,South Dakota,Bobby Darin,East of the Rockies,spotify:track:5yg0HC5MckLATLOLaK72bL,6,2005-07-26,0.5660000000000001,0.324,0.0,-12.873,1.0,0.0407,0.6970000000000001,0.0,0.07200000000000001,0.889,168.65,audio_features,5yg0HC5MckLATLOLaK72bL,spotify:track:5yg0HC5MckLATLOLaK72bL,https://api.spotify.com/v1/tracks/5yg0HC5MckLATLOLaK72bL,https://api.spotify.com/v1/audio-analysis/5yg0HC5MckLATLOLaK72bL,169000.0,4.0
5,South Dakota,South Dakota,Bob Dylan,Ballad Of Hollis Brown,spotify:track:3Si9u9FVlUTcUXVcawnstJ,44,1964-01-13,0.6829999999999999,0.312,3.0,-13.588,1.0,0.0371,0.912,0.000123,0.0996,0.519,111.46799999999999,audio_features,3Si9u9FVlUTcUXVcawnstJ,spotify:track:3Si9u9FVlUTcUXVcawnstJ,https://api.spotify.com/v1/tracks/3Si9u9FVlUTcUXVcawnstJ,https://api.spotify.com/v1/audio-analysis/3Si9u9FVlUTcUXVcawnstJ,302307.0,4.0
6,South Dakota,South Dakota,Bob Dylan,Ballad Of Hollis Brown,spotify:track:3Si9u9FVlUTcUXVcawnstJ,44,1964-01-13,0.6829999999999999,0.312,3.0,-13.588,1.0,0.0371,0.912,0.000123,0.0996,0.519,111.46799999999999,audio_features,3Si9u9FVlUTcUXVcawnstJ,spotify:track:3Si9u9FVlUTcUXVcawnstJ,https://api.spotify.com/v1/tracks/3Si9u9FVlUTcUXVcawnstJ,https://api.spotify.com/v1/audio-analysis/3Si9u9FVlUTcUXVcawnstJ,302307.0,4.0
7,South Dakota,South Dakota,Bob Dylan,Ballad Of Hollis Brown,spotify:track:3Si9u9FVlUTcUXVcawnstJ,44,1964-01-13,0.6829999999999999,0.312,3.0,-13.588,1.0,0.0371,0.912,0.000123,0.0996,0.519,111.46799999999999,audio_features,3Si9u9FVlUTcUXVcawnstJ,spotify:track:3Si9u9FVlUTcUXVcawnstJ,https://api.spotify.com/v1/tracks/3Si9u9FVlUTcUXVcawnstJ,https://api.spotify.com/v1/audio-analysis/3Si9u9FVlUTcUXVcawnstJ,302307.0,4.0
8,South Dakota,South Dakota,Nina Simone,The Ballad of Hollis Brown,spotify:track:2q5vF4iyk4JtNa4T3aZfNk,27,1966-01-01,0.614,0.465,7.0,-8.389,1.0,0.0313,0.54,0.0,0.12,0.603,122.544,audio_features,2q5vF4iyk4JtNa4T3aZfNk,spotify:track:2q5vF4iyk4JtNa4T3aZfNk,https://api.spotify.com/v1/tracks/2q5vF4iyk4JtNa4T3aZfNk,https://api.spotify.com/v1/audio-analysis/2q5vF4iyk4JtNa4T3aZfNk,295280.0,4.0
9,South Dakota,South Dakota,Mike Seeger,The Ballad of Hollis Brown,spotify:track:7qGQ7egJdD34UomqJxBD5Y,1,1994-09-06,0.5589999999999999,0.429,7.0,-14.335999999999999,1.0,0.0323,0.754,0.00037799999999999997,0.14,0.769,119.105,audio_features,7qGQ7egJdD34UomqJxBD5Y,spotify:track:7qGQ7egJdD34UomqJxBD5Y,https://api.spotify.com/v1/tracks/7qGQ7egJdD34UomqJxBD5Y,https://api.spotify.com/v1/audio-analysis/7qGQ7egJdD34UomqJxBD5Y,327667.0,4.0
10,South Dakota,South Dakota,Big & Rich,8th of November,spotify:track:2X0aeFJXJZpeK2nSWvypiI,49,2005-11-15,0.259,0.7290000000000001,2.0,-2.665,1.0,0.0418,0.11699999999999999,0.0,0.43799999999999994,0.284,169.11,audio_features,2X0aeFJXJZpeK2nSWvypiI,spotify:track:2X0aeFJXJZpeK2nSWvypiI,https://api.spotify.com/v1/tracks/2X0aeFJXJZpeK2nSWvypiI,https://api.spotify.com/v1/audio-analysis/2X0aeFJXJZpeK2nSWvypiI,298240.0,3.0
11,South Dakota,South Dakota,Rise Against,Ballad of Hollis Brown,spotify:track:2N4waKZvWf3lBhMKtcpXLe,34,2013-01-01,0.43799999999999994,0.856,6.0,-5.379,1.0,0.0408,0.0186,0.0,0.0838,0.182,120.926,audio_features,2N4waKZvWf3lBhMKtcpXLe,spotify:track:2N4waKZvWf3lBhMKtcpXLe,https://api.spotify.com/v1/tracks/2N4waKZvWf3lBhMKtcpXLe,https://api.spotify.com/v1/audio-analysis/2N4waKZvWf3lBhMKtcpXLe,311960.0,4.0
12,South Dakota,South Dakota,Big & Rich,8th of November,spotify:track:2X0aeFJXJZpeK2nSWvypiI,49,2005-11-15,0.259,0.7290000000000001,2.0,-2.665,1.0,0.0418,0.11699999999999999,0.0,0.43799999999999994,0.284,169.11,audio_features,2X0aeFJXJZpeK2nSWvypiI,spotify:track:2X0aeFJXJZpeK2nSWvypiI,https://api.spotify.com/v1/tracks/2X0aeFJXJZpeK2nSWvypiI,https://api.spotify.com/v1/audio-analysis/2X0aeFJXJZpeK2nSWvypiI,298240.0,3.0
13,South Dakota,South Dakota,The Stooges,Rich Bitch,spotify:track:5abmQ6GJJSqvNktsqd1kcb,5,1997,0.445,0.608,8.0,-12.775,0.0,0.0847,0.565,3.72e-05,0.109,0.366,138.576,audio_features,5abmQ6GJJSqvNktsqd1kcb,spotify:track:5abmQ6GJJSqvNktsqd1kcb,https://api.spotify.com/v1/tracks/5abmQ6GJJSqvNktsqd1kcb,https://api.spotify.com/v1/audio-analysis/5abmQ6GJJSqvNktsqd1kcb,706000.0,4.0
15,South Dakota,South Dakota,David Lynch,The Ballad of Hollis Brown,spotify:track:7DRZqg0uA7V6WOFfBFD5pm,16,2013-07-15,0.616,0.643,4.0,-7.797999999999999,0.0,0.0617,0.312,0.0278,0.175,0.6970000000000001,121.523,audio_features,7DRZqg0uA7V6WOFfBFD5pm,spotify:track:7DRZqg0uA7V6WOFfBFD5pm,https://api.spotify.com/v1/tracks/7DRZqg0uA7V6WOFfBFD5pm,https://api.spotify.com/v1/audio-analysis/7DRZqg0uA7V6WOFfBFD5pm,312383.0,4.0
17,South Dakota,South Dakota,Kid Dakota,Pine Ridge,spotify:track:2u2GlTdXVIXGfZv3KLKJp2,3,2004-05-01,0.435,0.35200000000000004,4.0,-12.030999999999999,0.0,0.0388,0.10300000000000001,0.878,0.12,0.0643,109.837,audio_features,2u2GlTdXVIXGfZv3KLKJp2,spotify:track:2u2GlTdXVIXGfZv3KLKJp2,https://api.spotify.com/v1/tracks/2u2GlTdXVIXGfZv3KLKJp2,https://api.spotify.com/v1/audio-analysis/2u2GlTdXVIXGfZv3KLKJp2,264973.0,4.0
18,South Dakota,South Dakota,Matt Koerner,Never Knew Beautiful,spotify:track:3jQUYKLaYu2VPphAcgqgtY,1,2020-03-06,0.494,0.513,5.0,-8.828,1.0,0.0241,0.00361,0.0,0.19699999999999998,0.35200000000000004,145.997,audio_features,3jQUYKLaYu2VPphAcgqgtY,spotify:track:3jQUYKLaYu2VPphAcgqgtY,https://api.spotify.com/v1/tracks/3jQUYKLaYu2VPphAcgqgtY,https://api.spotify.com/v1/audio-analysis/3jQUYKLaYu2VPphAcgqgtY,214239.0,4.0
19,South Dakota,South Dakota,Sarah Kay,14th Amendment,spotify:track:6dyTHXJsEwy1vKsokhd6gA,11,2018-09-18,0.667,0.226,11.0,-16.570999999999998,0.0,0.924,0.843,2.37e-06,0.203,0.621,95.314,audio_features,6dyTHXJsEwy1vKsokhd6gA,spotify:track:6dyTHXJsEwy1vKsokhd6gA,https://api.spotify.com/v1/tracks/6dyTHXJsEwy1vKsokhd6gA,https://api.spotify.com/v1/audio-analysis/6dyTHXJsEwy1vKsokhd6gA,182418.0,4.0
20,South Dakota,South Dakota,Silver Jews,Federal Dust,spotify:track:5E4AIOCPNZ8EGg6ebjFCPs,33,1998-10-20,0.552,0.342,6.0,-11.895,1.0,0.0331,0.413,0.127,0.0989,0.195,136.85,audio_features,5E4AIOCPNZ8EGg6ebjFCPs,spotify:track:5E4AIOCPNZ8EGg6ebjFCPs,https://api.spotify.com/v1/tracks/5E4AIOCPNZ8EGg6ebjFCPs,https://api.spotify.com/v1/audio-analysis/5E4AIOCPNZ8EGg6ebjFCPs,241440.0,4.0
21,South Dakota,South Dakota,Emmylou Harris,The Ballad of Sally Rose,spotify:track:087tt0dhMQVyosWG3pkSKI,33,1985-01-14,0.545,0.21,10.0,-20.59,1.0,0.0294,0.41600000000000004,0.000263,0.0619,0.797,80.925,audio_features,087tt0dhMQVyosWG3pkSKI,spotify:track:087tt0dhMQVyosWG3pkSKI,https://api.spotify.com/v1/tracks/087tt0dhMQVyosWG3pkSKI,https://api.spotify.com/v1/audio-analysis/087tt0dhMQVyosWG3pkSKI,171800.0,4.0
22,South Dakota,South Dakota,Lucy Hale,From the Backseat,spotify:track:0GEzHIGTExUfEEdPR0DEyp,28,2014-01-01,0.48100000000000004,0.873,10.0,-3.2489999999999997,1.0,0.0394,0.135,0.0,0.285,0.789,170.06599999999997,audio_features,0GEzHIGTExUfEEdPR0DEyp,spotify:track:0GEzHIGTExUfEEdPR0DEyp,https://api.spotify.com/v1/tracks/0GEzHIGTExUfEEdPR0DEyp,https://api.spotify.com/v1/audio-analysis/0GEzHIGTExUfEEdPR0DEyp,187320.0,4.0
23,South Dakota,South Dakota,Allan Sherman,Holiday for States,spotify:track:1rXVU5w2M16RULGVoqp6y9,4,2005-02-08,0.556,0.609,9.0,-7.494,1.0,0.489,0.8590000000000001,0.0,0.727,0.6659999999999999,81.688,audio_features,1rXVU5w2M16RULGVoqp6y9,spotify:track:1rXVU5w2M16RULGVoqp6y9,https://api.spotify.com/v1/tracks/1rXVU5w2M16RULGVoqp6y9,https://api.spotify.com/v1/audio-analysis/1rXVU5w2M16RULGVoqp6y9,95800.0,4.0
24,South Dakota,South Dakota,Toby Keith,Stays in Mexico,spotify:track:3EaUpHrrmoupWICI0uf6Y0,46,2008-01-01,0.655,0.902,9.0,-3.4189999999999996,1.0,0.0779,0.10800000000000001,0.0,0.302,0.6859999999999999,122.975,audio_features,3EaUpHrrmoupWICI0uf6Y0,spotify:track:3EaUpHrrmoupWICI0uf6Y0,https://api.spotify.com/v1/tracks/3EaUpHrrmoupWICI0uf6Y0,https://api.spotify.com/v1/audio-analysis/3EaUpHrrmoupWICI0uf6Y0,214800.0,4.0
25,South Dakota,South Dakota,The Mills Brothers,Nagasaki,spotify:track:4Zuf9tCBsZ4kOC76pnXQmt,15,2017-12-01,0.741,0.32299999999999995,1.0,-8.923,0.0,0.158,0.986,0.516,0.11199999999999999,0.7809999999999999,113.87700000000001,audio_features,4Zuf9tCBsZ4kOC76pnXQmt,spotify:track:4Zuf9tCBsZ4kOC76pnXQmt,https://api.spotify.com/v1/tracks/4Zuf9tCBsZ4kOC76pnXQmt,https://api.spotify.com/v1/audio-analysis/4Zuf9tCBsZ4kOC76pnXQmt,144362.0,4.0
26,South Dakota,South Dakota,The Mills Brothers,Nagasaki,spotify:track:4Zuf9tCBsZ4kOC76pnXQmt,15,2017-12-01,0.741,0.32299999999999995,1.0,-8.923,0.0,0.158,0.986,0.516,0.11199999999999999,0.7809999999999999,113.87700000000001,audio_features,4Zuf9tCBsZ4kOC76pnXQmt,spotify:track:4Zuf9tCBsZ4kOC76pnXQmt,https://api.spotify.com/v1/tracks/4Zuf9tCBsZ4kOC76pnXQmt,https://api.spotify.com/v1/audio-analysis/4Zuf9tCBsZ4kOC76pnXQmt,144362.0,4.0
27,South Dakota,South Dakota,2 Chainz,Fork,spotify:track:6rRupvuAzMWi8XcxHF4wPH,35,2013-01-01,0.868,0.631,7.0,-4.724,1.0,0.158,0.249,0.0,0.327,0.552,128.97899999999998,audio_features,6rRupvuAzMWi8XcxHF4wPH,spotify:track:6rRupvuAzMWi8XcxHF4wPH,https://api.spotify.com/v1/tracks/6rRupvuAzMWi8XcxHF4wPH,https://api.spotify.com/v1/audio-analysis/6rRupvuAzMWi8XcxHF4wPH,227413.0,4.0
28,South Dakota,South Dakota,2 Chainz,Fork,spotify:track:6rRupvuAzMWi8XcxHF4wPH,35,2013-01-01,0.868,0.631,7.0,-4.724,1.0,0.158,0.249,0.0,0.327,0.552,128.97899999999998,audio_features,6rRupvuAzMWi8XcxHF4wPH,spotify:track:6rRupvuAzMWi8XcxHF4wPH,https://api.spotify.com/v1/tracks/6rRupvuAzMWi8XcxHF4wPH,https://api.spotify.com/v1/audio-analysis/6rRupvuAzMWi8XcxHF4wPH,227413.0,4.0
29,South Dakota,South Dakota,2 Chainz,Fork,spotify:track:6rRupvuAzMWi8XcxHF4wPH,35,2013-01-01,0.868,0.631,7.0,-4.724,1.0,0.158,0.249,0.0,0.327,0.552,128.97899999999998,audio_features,6rRupvuAzMWi8XcxHF4wPH,spotify:track:6rRupvuAzMWi8XcxHF4wPH,https://api.spotify.com/v1/tracks/6rRupvuAzMWi8XcxHF4wPH,https://api.spotify.com/v1/audio-analysis/6rRupvuAzMWi8XcxHF4wPH,227413.0,4.0
30,South Dakota,South Dakota,Jon Brooks & The Outskirts of Approval,War Resister,spotify:track:3BZOAYnkFDHxqKYjWuUIkZ,0,2019-09-13,0.718,0.35200000000000004,10.0,-10.165,1.0,0.0321,0.368,0.0,0.105,0.308,116.40700000000001,audio_features,3BZOAYnkFDHxqKYjWuUIkZ,spotify:track:3BZOAYnkFDHxqKYjWuUIkZ,https://api.spotify.com/v1/tracks/3BZOAYnkFDHxqKYjWuUIkZ,https://api.spotify.com/v1/audio-analysis/3BZOAYnkFDHxqKYjWuUIkZ,217530.0,4.0
31,South Dakota,South Dakota,Neil Young,Misfits,spotify:track:4tFst9NreamKbPkospoa7c,0,2012-07-12,0.486,0.12300000000000001,5.0,-16.6,1.0,0.038,0.662,0.0033200000000000005,0.11199999999999999,0.21600000000000003,100.355,audio_features,4tFst9NreamKbPkospoa7c,spotify:track:4tFst9NreamKbPkospoa7c,https://api.spotify.com/v1/tracks/4tFst9NreamKbPkospoa7c,https://api.spotify.com/v1/audio-analysis/4tFst9NreamKbPkospoa7c,362280.0,4.0
32,South Dakota,South Dakota,Busta Rhymes,Everybody Rise Again,spotify:track:6nJyg6asDkAqfJNSbKaW9z,33,2001-11-07,0.7559999999999999,0.912,6.0,-2.7760000000000002,0.0,0.317,0.0962,0.0,0.29600000000000004,0.7020000000000001,92.214,audio_features,6nJyg6asDkAqfJNSbKaW9z,spotify:track:6nJyg6asDkAqfJNSbKaW9z,https://api.spotify.com/v1/tracks/6nJyg6asDkAqfJNSbKaW9z,https://api.spotify.com/v1/audio-analysis/6nJyg6asDkAqfJNSbKaW9z,253773.0,4.0
33,South Dakota,South Dakota,"The Manhattan Transfer, Gene Pistilli",One More Time Around Rosie,spotify:track:60olrXf8qGe6zYxw1W69o0,4,1971,0.626,0.35,10.0,-16.524,1.0,0.0678,0.298,6.86e-05,0.0981,0.688,140.655,audio_features,60olrXf8qGe6zYxw1W69o0,spotify:track:60olrXf8qGe6zYxw1W69o0,https://api.spotify.com/v1/tracks/60olrXf8qGe6zYxw1W69o0,https://api.spotify.com/v1/audio-analysis/60olrXf8qGe6zYxw1W69o0,260440.0,4.0
34,South Dakota,South Dakota,The Nitty Gritty Dirt Band,Slim Carter,spotify:track:3C4dgIfnp0JK0f4HjJKqtI,4,1971-01-01,0.494,0.591,0.0,-10.104,1.0,0.0282,0.342,0.00040899999999999997,0.205,0.67,77.332,audio_features,3C4dgIfnp0JK0f4HjJKqtI,spotify:track:3C4dgIfnp0JK0f4HjJKqtI,https://api.spotify.com/v1/tracks/3C4dgIfnp0JK0f4HjJKqtI,https://api.spotify.com/v1/audio-analysis/3C4dgIfnp0JK0f4HjJKqtI,185427.0,4.0
35,South Dakota,South Dakota,Kid Rock,I Am,spotify:track:1k29zSC5RfaFYK5bTpK5O3,49,1998-08-05,0.423,0.983,2.0,-4.271,1.0,0.32899999999999996,0.017,0.0,0.20199999999999999,0.308,177.91400000000002,audio_features,1k29zSC5RfaFYK5bTpK5O3,spotify:track:1k29zSC5RfaFYK5bTpK5O3,https://api.spotify.com/v1/tracks/1k29zSC5RfaFYK5bTpK5O3,https://api.spotify.com/v1/audio-analysis/1k29zSC5RfaFYK5bTpK5O3,290493.0,4.0
36,South Dakota,South Dakota,Delbert McClinton,B Movie Boxcar Blues,spotify:track:2efuPX0OytuZqVP058BxW3,17,1989,0.584,0.742,11.0,-11.686,0.0,0.0542,0.33399999999999996,1.36e-05,0.9490000000000001,0.8029999999999999,87.321,audio_features,2efuPX0OytuZqVP058BxW3,spotify:track:2efuPX0OytuZqVP058BxW3,https://api.spotify.com/v1/tracks/2efuPX0OytuZqVP058BxW3,https://api.spotify.com/v1/audio-analysis/2efuPX0OytuZqVP058BxW3,263507.0,4.0
37,South Dakota,South Dakota,E-40,Duckin' & Dodgin',spotify:track:16XQDZk39QyHOUTPtBpM5f,16,1999-05-19,0.8290000000000001,0.853,8.0,-5.256,1.0,0.331,0.147,0.0,0.0613,0.813,111.947,audio_features,16XQDZk39QyHOUTPtBpM5f,spotify:track:16XQDZk39QyHOUTPtBpM5f,https://api.spotify.com/v1/tracks/16XQDZk39QyHOUTPtBpM5f,https://api.spotify.com/v1/audio-analysis/16XQDZk39QyHOUTPtBpM5f,224667.0,4.0
38,South Dakota,South Dakota,Biz Markie,Just Rhymin' with Biz,spotify:track:0TGhfwUXE17Z4oVLafOwWI,0,2020-07-31,0.8759999999999999,0.898,10.0,-8.211,0.0,0.425,0.0966,0.0,0.28,0.768,93.655,audio_features,0TGhfwUXE17Z4oVLafOwWI,spotify:track:0TGhfwUXE17Z4oVLafOwWI,https://api.spotify.com/v1/tracks/0TGhfwUXE17Z4oVLafOwWI,https://api.spotify.com/v1/audio-analysis/0TGhfwUXE17Z4oVLafOwWI,241707.0,4.0
39,South Dakota,South Dakota,Big Daddy Kane,Just Rhymin' with Biz,spotify:track:3KBoU4tM9uMFUdN33kgTcR,25,1988-01-01,0.8759999999999999,0.804,10.0,-11.967,0.0,0.622,0.115,0.0,0.354,0.741,93.62,audio_features,3KBoU4tM9uMFUdN33kgTcR,spotify:track:3KBoU4tM9uMFUdN33kgTcR,https://api.spotify.com/v1/tracks/3KBoU4tM9uMFUdN33kgTcR,https://api.spotify.com/v1/audio-analysis/3KBoU4tM9uMFUdN33kgTcR,241960.0,4.0
40,South Dakota,South Dakota,Shawn Colvin,Steady On,spotify:track:4Cmj0bjUBLd9WuWayEZJJy,25,1989-10-12,0.62,0.594,9.0,-13.675999999999998,1.0,0.0447,0.222,0.0102,0.0553,0.616,171.264,audio_features,4Cmj0bjUBLd9WuWayEZJJy,spotify:track:4Cmj0bjUBLd9WuWayEZJJy,https://api.spotify.com/v1/tracks/4Cmj0bjUBLd9WuWayEZJJy,https://api.spotify.com/v1/audio-analysis/4Cmj0bjUBLd9WuWayEZJJy,298160.0,4.0
42,South Dakota,South Dakota,The Blues Brothers,"""B"" Movie Box Car Blues",spotify:track:4jX5YH4N3E32pmLz1AlAuT,38,1978-11-01,0.606,0.8190000000000001,9.0,-8.281,1.0,0.0696,0.564,0.00404,0.9590000000000001,0.504,93.307,audio_features,4jX5YH4N3E32pmLz1AlAuT,spotify:track:4jX5YH4N3E32pmLz1AlAuT,https://api.spotify.com/v1/tracks/4jX5YH4N3E32pmLz1AlAuT,https://api.spotify.com/v1/audio-analysis/4jX5YH4N3E32pmLz1AlAuT,244400.0,4.0
43,South Dakota,South Dakota,Colt Ford,What I Call Home,spotify:track:14AAb2TLONyvf0aNS8i45E,18,2011-05-03,0.609,0.674,9.0,-7.412999999999999,1.0,0.27,0.46399999999999997,0.0,0.38,0.45399999999999996,78.092,audio_features,14AAb2TLONyvf0aNS8i45E,spotify:track:14AAb2TLONyvf0aNS8i45E,https://api.spotify.com/v1/tracks/14AAb2TLONyvf0aNS8i45E,https://api.spotify.com/v1/audio-analysis/14AAb2TLONyvf0aNS8i45E,247227.0,4.0
44,South Dakota,South Dakota,Nick Cave,"You, Man? Human???",spotify:track:37barOyV4dRXv3i77nUgfX,8,2012-06-25,0.162,0.977,11.0,-2.55,1.0,0.115,0.34600000000000003,0.0,0.168,0.26,94.598,audio_features,37barOyV4dRXv3i77nUgfX,spotify:track:37barOyV4dRXv3i77nUgfX,https://api.spotify.com/v1/tracks/37barOyV4dRXv3i77nUgfX,https://api.spotify.com/v1/audio-analysis/37barOyV4dRXv3i77nUgfX,214307.0,4.0
45,South Dakota,South Dakota,Cowboy Junkies,Pale Sun,spotify:track:1NPc8OBMVk7VQQl8RdMxVy,37,1993-11-23,0.758,0.545,0.0,-10.057,1.0,0.0283,0.209,9.790000000000001e-05,0.0469,0.821,124.756,audio_features,1NPc8OBMVk7VQQl8RdMxVy,spotify:track:1NPc8OBMVk7VQQl8RdMxVy,https://api.spotify.com/v1/tracks/1NPc8OBMVk7VQQl8RdMxVy,https://api.spotify.com/v1/audio-analysis/1NPc8OBMVk7VQQl8RdMxVy,190200.0,4.0
47,South Dakota,South Dakota,Young Thug,Yamborghini Dream,spotify:track:2QBxdLNImwEDJCzI0Yzeka,52,2015-12-18,0.75,0.7340000000000001,7.0,-4.993,1.0,0.218,0.423,0.0,0.293,0.364,118.869,audio_features,2QBxdLNImwEDJCzI0Yzeka,spotify:track:2QBxdLNImwEDJCzI0Yzeka,https://api.spotify.com/v1/tracks/2QBxdLNImwEDJCzI0Yzeka,https://api.spotify.com/v1/audio-analysis/2QBxdLNImwEDJCzI0Yzeka,227571.0,4.0
50,South Dakota,South Dakota,Pato Banton,Go Pato,spotify:track:4f1EdNgsnvVz6K5Qbu5JS0,54,2008-01-01,0.7929999999999999,0.821,4.0,-7.5,0.0,0.0454,0.0176,4.59e-06,0.317,0.7979999999999999,92.836,audio_features,4f1EdNgsnvVz6K5Qbu5JS0,spotify:track:4f1EdNgsnvVz6K5Qbu5JS0,https://api.spotify.com/v1/tracks/4f1EdNgsnvVz6K5Qbu5JS0,https://api.spotify.com/v1/audio-analysis/4f1EdNgsnvVz6K5Qbu5JS0,275400.0,4.0
52,South Dakota,South Dakota,Kids Learning Tube ,50 States Of America,spotify:track:3tztsilIBqZPtiYJRostml,18,2016-04-07,0.8220000000000001,0.826,4.0,-5.335,1.0,0.0757,0.311,0.0,0.162,0.9309999999999999,104.986,audio_features,3tztsilIBqZPtiYJRostml,spotify:track:3tztsilIBqZPtiYJRostml,https://api.spotify.com/v1/tracks/3tztsilIBqZPtiYJRostml,https://api.spotify.com/v1/audio-analysis/3tztsilIBqZPtiYJRostml,301819.0,4.0
53,South Dakota,South Dakota,Manchester Orchestra,"Lead, SD",spotify:track:10fiZCExnOMqElSX952WZI,40,2017-07-28,0.42,0.5820000000000001,8.0,-7.53,1.0,0.0383,0.00112,0.11699999999999999,0.0866,0.248,127.272,audio_features,10fiZCExnOMqElSX952WZI,spotify:track:10fiZCExnOMqElSX952WZI,https://api.spotify.com/v1/tracks/10fiZCExnOMqElSX952WZI,https://api.spotify.com/v1/audio-analysis/10fiZCExnOMqElSX952WZI,293920.0,4.0
54,South Dakota,South Dakota,Slightly Stoopid,Ska Diddy,spotify:track:6lpeJ5uFiIUdEGNKfFCXLO,28,2012-08-14,0.526,0.772,11.0,-5.004,1.0,0.0603,0.00212,0.0,0.145,0.907,142.122,audio_features,6lpeJ5uFiIUdEGNKfFCXLO,spotify:track:6lpeJ5uFiIUdEGNKfFCXLO,https://api.spotify.com/v1/tracks/6lpeJ5uFiIUdEGNKfFCXLO,https://api.spotify.com/v1/audio-analysis/6lpeJ5uFiIUdEGNKfFCXLO,129040.0,4.0
55,South Dakota,South Dakota,Atmosphere,Jason,spotify:track:5xGxUQ8IxQP3oi8mrS4yQq,18,2003-09-23,0.927,0.741,7.0,-8.086,1.0,0.213,0.7240000000000001,0.8540000000000001,0.0935,0.542,102.04,audio_features,5xGxUQ8IxQP3oi8mrS4yQq,spotify:track:5xGxUQ8IxQP3oi8mrS4yQq,https://api.spotify.com/v1/tracks/5xGxUQ8IxQP3oi8mrS4yQq,https://api.spotify.com/v1/audio-analysis/5xGxUQ8IxQP3oi8mrS4yQq,47147.0,4.0
56,South Dakota,South Dakota,Better Than Ezra,New Kind of Low: Low/Coma,spotify:track:3PqebK4LcB88CjFWSessr2,8,1998-08-14,0.36200000000000004,0.8170000000000001,9.0,-6.276,1.0,0.0683,0.10800000000000001,0.0068200000000000005,0.209,0.599,122.001,audio_features,3PqebK4LcB88CjFWSessr2,spotify:track:3PqebK4LcB88CjFWSessr2,https://api.spotify.com/v1/tracks/3PqebK4LcB88CjFWSessr2,https://api.spotify.com/v1/audio-analysis/3PqebK4LcB88CjFWSessr2,317067.0,4.0
57,South Dakota,South Dakota,Bo Burnham,Binary Reality,spotify:track:6VB2pwxMqfabH2H0n8JzRX,33,2010-10-19,0.563,0.6559999999999999,6.0,-12.575999999999999,1.0,0.922,0.7879999999999999,0.0,0.633,0.263,84.579,audio_features,6VB2pwxMqfabH2H0n8JzRX,spotify:track:6VB2pwxMqfabH2H0n8JzRX,https://api.spotify.com/v1/tracks/6VB2pwxMqfabH2H0n8JzRX,https://api.spotify.com/v1/audio-analysis/6VB2pwxMqfabH2H0n8JzRX,161427.0,4.0
58,South Dakota,South Dakota,Murs,The Shutters,spotify:track:5OVuHy1p9aFMUqe6jRxjv0,14,2019-07-19,0.519,0.764,1.0,-6.3389999999999995,1.0,0.33799999999999997,0.00396,0.0,0.20600000000000002,0.348,76.77,audio_features,5OVuHy1p9aFMUqe6jRxjv0,spotify:track:5OVuHy1p9aFMUqe6jRxjv0,https://api.spotify.com/v1/tracks/5OVuHy1p9aFMUqe6jRxjv0,https://api.spotify.com/v1/audio-analysis/5OVuHy1p9aFMUqe6jRxjv0,193236.0,4.0
59,South Dakota,South Dakota,Renald Francoeur,Tour The States,spotify:track:4XmEqSQknEr3z2PzwiPXwm,36,2012-07-13,0.511,0.723,8.0,-8.144,1.0,0.428,0.031,0.0,0.109,0.652,96.963,audio_features,4XmEqSQknEr3z2PzwiPXwm,spotify:track:4XmEqSQknEr3z2PzwiPXwm,https://api.spotify.com/v1/tracks/4XmEqSQknEr3z2PzwiPXwm,https://api.spotify.com/v1/audio-analysis/4XmEqSQknEr3z2PzwiPXwm,235360.0,4.0
60,South Dakota,South Dakota,Lil' Keke,Baller in the Mix,spotify:track:5Ix3DtIEWBTgkmQwkJ2JLX,27,1998,0.773,0.5720000000000001,7.0,-8.395,1.0,0.233,0.0217,0.0,0.278,0.6779999999999999,82.02,audio_features,5Ix3DtIEWBTgkmQwkJ2JLX,spotify:track:5Ix3DtIEWBTgkmQwkJ2JLX,https://api.spotify.com/v1/tracks/5Ix3DtIEWBTgkmQwkJ2JLX,https://api.spotify.com/v1/audio-analysis/5Ix3DtIEWBTgkmQwkJ2JLX,256267.0,4.0
61,South Dakota,South Dakota,Ellis Paul,The Ballad of Chris McCandless,spotify:track:2P81MSXGUIENIXrTV0QOKG,6,2002-01-01,0.53,0.457,11.0,-10.948,0.0,0.0325,0.662,5.6999999999999996e-05,0.0726,0.496,91.162,audio_features,2P81MSXGUIENIXrTV0QOKG,spotify:track:2P81MSXGUIENIXrTV0QOKG,https://api.spotify.com/v1/tracks/2P81MSXGUIENIXrTV0QOKG,https://api.spotify.com/v1/audio-analysis/2P81MSXGUIENIXrTV0QOKG,300667.0,4.0
62,South Dakota,South Dakota,Lari White,Woman of the World,spotify:track:4JFgVMAPKzIYbHhzSwNZfl,1,1995,0.667,0.51,7.0,-12.543,1.0,0.0305,0.21899999999999997,0.0,0.327,0.5770000000000001,133.59,audio_features,4JFgVMAPKzIYbHhzSwNZfl,spotify:track:4JFgVMAPKzIYbHhzSwNZfl,https://api.spotify.com/v1/tracks/4JFgVMAPKzIYbHhzSwNZfl,https://api.spotify.com/v1/audio-analysis/4JFgVMAPKzIYbHhzSwNZfl,216227.0,4.0
63,South Dakota,South Dakota,Eve 6,Everything,spotify:track:2ApRKQrn2rBaoA8yaRPZrH,19,2012-01-01,0.44799999999999995,0.977,4.0,-3.96,1.0,0.192,0.000101,0.0,0.12,0.691,168.044,audio_features,2ApRKQrn2rBaoA8yaRPZrH,spotify:track:2ApRKQrn2rBaoA8yaRPZrH,https://api.spotify.com/v1/tracks/2ApRKQrn2rBaoA8yaRPZrH,https://api.spotify.com/v1/audio-analysis/2ApRKQrn2rBaoA8yaRPZrH,205973.0,4.0
64,South Dakota,South Dakota,The Promise Ring,Run Down the Waterfall,spotify:track:2AjTz1i6NP8G15gFYGtfSZ,11,1996-09-10,0.42100000000000004,0.56,7.0,-10.547,1.0,0.0485,0.0676,0.136,0.0932,0.354,124.449,audio_features,2AjTz1i6NP8G15gFYGtfSZ,spotify:track:2AjTz1i6NP8G15gFYGtfSZ,https://api.spotify.com/v1/tracks/2AjTz1i6NP8G15gFYGtfSZ,https://api.spotify.com/v1/audio-analysis/2AjTz1i6NP8G15gFYGtfSZ,188560.0,4.0
66,South Dakota,South Dakota,Randy Moser,Bottom of the Barrel,spotify:track:4SDqKc0T67bQfLLjdijQof,0,2018-02-27,0.775,0.7909999999999999,7.0,-4.244,1.0,0.177,0.28300000000000003,0.0,0.29100000000000004,0.878,125.071,audio_features,4SDqKc0T67bQfLLjdijQof,spotify:track:4SDqKc0T67bQfLLjdijQof,https://api.spotify.com/v1/tracks/4SDqKc0T67bQfLLjdijQof,https://api.spotify.com/v1/audio-analysis/4SDqKc0T67bQfLLjdijQof,140512.0,4.0
67,South Dakota,South Dakota,The Vegabonds,Traveling Man,spotify:track:4XUPKCYnilYU9G9P0nEyzj,22,2019-01-18,0.621,0.49700000000000005,7.0,-9.496,1.0,0.0341,0.203,5.04e-06,0.355,0.235,91.03,audio_features,4XUPKCYnilYU9G9P0nEyzj,spotify:track:4XUPKCYnilYU9G9P0nEyzj,https://api.spotify.com/v1/tracks/4XUPKCYnilYU9G9P0nEyzj,https://api.spotify.com/v1/audio-analysis/4XUPKCYnilYU9G9P0nEyzj,232278.0,4.0
68,South Dakota,South Dakota,Babybird,Jesus Is My Girlfriend,spotify:track:2h121MpbOQ9UFtHiZ6mR1z,9,1996-10-21,0.614,0.909,4.0,-5.76,0.0,0.0492,0.0008640000000000001,0.0424,0.111,0.733,89.035,audio_features,2h121MpbOQ9UFtHiZ6mR1z,spotify:track:2h121MpbOQ9UFtHiZ6mR1z,https://api.spotify.com/v1/tracks/2h121MpbOQ9UFtHiZ6mR1z,https://api.spotify.com/v1/audio-analysis/2h121MpbOQ9UFtHiZ6mR1z,324173.0,4.0
69,South Dakota,South Dakota,Purple Mountains,That's Just the Way That I Feel,spotify:track:5mgCP62kIGit9ICUdaqIgq,41,2019-07-12,0.574,0.665,0.0,-6.526,1.0,0.032,0.0131,0.000541,0.19899999999999998,0.665,122.553,audio_features,5mgCP62kIGit9ICUdaqIgq,spotify:track:5mgCP62kIGit9ICUdaqIgq,https://api.spotify.com/v1/tracks/5mgCP62kIGit9ICUdaqIgq,https://api.spotify.com/v1/audio-analysis/5mgCP62kIGit9ICUdaqIgq,203693.0,4.0
70,South Dakota,South Dakota,Bellwether,South Dakota,spotify:track:6ur1X9y11LRJzNHHaUq60h,1,2000,0.737,0.621,1.0,-7.795,1.0,0.0291,0.128,5.36e-06,0.0735,0.7390000000000001,112.228,audio_features,6ur1X9y11LRJzNHHaUq60h,spotify:track:6ur1X9y11LRJzNHHaUq60h,https://api.spotify.com/v1/tracks/6ur1X9y11LRJzNHHaUq60h,https://api.spotify.com/v1/audio-analysis/6ur1X9y11LRJzNHHaUq60h,193773.0,4.0
71,South Dakota,South Dakota,Tim Armstrong,Hold On,spotify:track:17mbHWWuGYgE9EsdZ2gvTj,38,2007-05-22,0.8190000000000001,0.7929999999999999,4.0,-5.164,1.0,0.0355,0.659,0.0129,0.215,0.961,100.949,audio_features,17mbHWWuGYgE9EsdZ2gvTj,spotify:track:17mbHWWuGYgE9EsdZ2gvTj,https://api.spotify.com/v1/tracks/17mbHWWuGYgE9EsdZ2gvTj,https://api.spotify.com/v1/audio-analysis/17mbHWWuGYgE9EsdZ2gvTj,234280.0,4.0
72,South Dakota,South Dakota,Craig Finn,Carmen Isn't Coming in Today,spotify:track:4Rfvv7yLh9Ig34s9ybjQa9,15,2019-04-26,0.483,0.556,0.0,-8.82,1.0,0.0501,0.523,0.0223,0.111,0.299,139.977,audio_features,4Rfvv7yLh9Ig34s9ybjQa9,spotify:track:4Rfvv7yLh9Ig34s9ybjQa9,https://api.spotify.com/v1/tracks/4Rfvv7yLh9Ig34s9ybjQa9,https://api.spotify.com/v1/audio-analysis/4Rfvv7yLh9Ig34s9ybjQa9,233133.0,4.0
73,South Dakota,South Dakota,J-Zone,The Commandment$,spotify:track:7COtKrDyn7NtIayXaCfHnQ,3,2003-07-22,0.6990000000000001,0.8809999999999999,1.0,-5.277,1.0,0.0991,0.168,0.0152,0.348,0.9640000000000001,85.04899999999999,audio_features,7COtKrDyn7NtIayXaCfHnQ,spotify:track:7COtKrDyn7NtIayXaCfHnQ,https://api.spotify.com/v1/tracks/7COtKrDyn7NtIayXaCfHnQ,https://api.spotify.com/v1/audio-analysis/7COtKrDyn7NtIayXaCfHnQ,132680.0,4.0
74,South Dakota,South Dakota,Chris Walla,Sing Again,spotify:track:2ZyMSDtv2jJTKXg0LbY8oA,6,2008,0.6729999999999999,0.645,7.0,-8.217,1.0,0.0282,0.0678,0.0,0.0901,0.741,139.511,audio_features,2ZyMSDtv2jJTKXg0LbY8oA,spotify:track:2ZyMSDtv2jJTKXg0LbY8oA,https://api.spotify.com/v1/tracks/2ZyMSDtv2jJTKXg0LbY8oA,https://api.spotify.com/v1/audio-analysis/2ZyMSDtv2jJTKXg0LbY8oA,151267.0,4.0
76,South Dakota,South Dakota,Ras Kass,Opioid Crisis,spotify:track:2MIg5JRDlXDPOrFrqF7ZJf,9,2019-09-06,0.452,0.9359999999999999,4.0,-7.015,0.0,0.871,0.37,0.0,0.491,0.195,84.382,audio_features,2MIg5JRDlXDPOrFrqF7ZJf,spotify:track:2MIg5JRDlXDPOrFrqF7ZJf,https://api.spotify.com/v1/tracks/2MIg5JRDlXDPOrFrqF7ZJf,https://api.spotify.com/v1/audio-analysis/2MIg5JRDlXDPOrFrqF7ZJf,437773.0,4.0
78,South Dakota,South Dakota,Kay Hanley,Galapagos,spotify:track:2Q7uw3kDxJR3bSBaGyNsdp,4,2019-09-06,0.33399999999999996,0.449,4.0,-7.119,1.0,0.0262,0.128,0.00451,0.10099999999999999,0.185,74.973,audio_features,2Q7uw3kDxJR3bSBaGyNsdp,spotify:track:2Q7uw3kDxJR3bSBaGyNsdp,https://api.spotify.com/v1/tracks/2Q7uw3kDxJR3bSBaGyNsdp,https://api.spotify.com/v1/audio-analysis/2Q7uw3kDxJR3bSBaGyNsdp,385107.0,4.0
79,South Dakota,South Dakota,Jeremy Fisher,Let It Shine,spotify:track:12ayYfPVJ6U29xLFFprFK9,18,2004-10-12,0.627,0.8809999999999999,9.0,-4.963,1.0,0.0338,0.0354,3.12e-05,0.244,0.7979999999999999,119.704,audio_features,12ayYfPVJ6U29xLFFprFK9,spotify:track:12ayYfPVJ6U29xLFFprFK9,https://api.spotify.com/v1/tracks/12ayYfPVJ6U29xLFFprFK9,https://api.spotify.com/v1/audio-analysis/12ayYfPVJ6U29xLFFprFK9,238293.0,4.0
80,South Dakota,South Dakota,Autumn Hill,Fire,spotify:track:42W8IudTZVluU7mtgZQgl4,20,2013-01-01,0.43700000000000006,0.7090000000000001,5.0,-6.263999999999999,1.0,0.0456,0.0483,0.0,0.27,0.25,156.0,audio_features,42W8IudTZVluU7mtgZQgl4,spotify:track:42W8IudTZVluU7mtgZQgl4,https://api.spotify.com/v1/tracks/42W8IudTZVluU7mtgZQgl4,https://api.spotify.com/v1/audio-analysis/42W8IudTZVluU7mtgZQgl4,239973.0,4.0
81,South Dakota,South Dakota,Lostboycrow,Start Something,spotify:track:0to2wztJrgQuAmjDXDK9B1,27,2015-06-16,0.7070000000000001,0.583,10.0,-7.718,1.0,0.0294,0.331,0.000226,0.0737,0.7909999999999999,154.16,audio_features,0to2wztJrgQuAmjDXDK9B1,spotify:track:0to2wztJrgQuAmjDXDK9B1,https://api.spotify.com/v1/tracks/0to2wztJrgQuAmjDXDK9B1,https://api.spotify.com/v1/audio-analysis/0to2wztJrgQuAmjDXDK9B1,235856.0,4.0
82,South Dakota,South Dakota,Kip Moore,Lipstick,spotify:track:1dEbGYcKvaf6LVVvRmsJJv,44,2015-08-21,0.45899999999999996,0.774,4.0,-5.117,1.0,0.0332,0.00396,9.41e-06,0.126,0.657,144.013,audio_features,1dEbGYcKvaf6LVVvRmsJJv,spotify:track:1dEbGYcKvaf6LVVvRmsJJv,https://api.spotify.com/v1/tracks/1dEbGYcKvaf6LVVvRmsJJv,https://api.spotify.com/v1/audio-analysis/1dEbGYcKvaf6LVVvRmsJJv,257853.0,4.0
83,South Dakota,South Dakota,The Dead Milkmen,Do the Brown Nose,spotify:track:77xnLDFjn3fzy8rDm39HDT,14,1997,0.484,0.882,4.0,-5.664,1.0,0.092,0.17,2.04e-06,0.8320000000000001,0.7929999999999999,137.805,audio_features,77xnLDFjn3fzy8rDm39HDT,spotify:track:77xnLDFjn3fzy8rDm39HDT,https://api.spotify.com/v1/tracks/77xnLDFjn3fzy8rDm39HDT,https://api.spotify.com/v1/audio-analysis/77xnLDFjn3fzy8rDm39HDT,281027.0,4.0
84,South Dakota,South Dakota,A Silent Film,"Danny, Dakota & the Wishing Well",spotify:track:2Nkb9b7ahV0IbRKGyQ20rG,38,2012-06-05,0.433,0.774,2.0,-6.187,1.0,0.0349,0.000172,0.016,0.22399999999999998,0.21600000000000003,153.045,audio_features,2Nkb9b7ahV0IbRKGyQ20rG,spotify:track:2Nkb9b7ahV0IbRKGyQ20rG,https://api.spotify.com/v1/tracks/2Nkb9b7ahV0IbRKGyQ20rG,https://api.spotify.com/v1/audio-analysis/2Nkb9b7ahV0IbRKGyQ20rG,284960.0,4.0
85,South Dakota,South Dakota,Porter Wagoner,Highway Headin' South,spotify:track:2ymSa56zg2WcX7lmioZWHA,8,2013-06-04,0.659,0.841,8.0,-8.721,1.0,0.0365,0.467,0.0,0.14300000000000002,0.966,94.885,audio_features,2ymSa56zg2WcX7lmioZWHA,spotify:track:2ymSa56zg2WcX7lmioZWHA,https://api.spotify.com/v1/tracks/2ymSa56zg2WcX7lmioZWHA,https://api.spotify.com/v1/audio-analysis/2ymSa56zg2WcX7lmioZWHA,125453.0,4.0
86,South Dakota,South Dakota,Dolly Parton,Highway Headin' South,spotify:track:7LDJZCUTqQrbSrDtldIr3z,19,1974-09-16,0.703,0.612,5.0,-10.762,1.0,0.049,0.672,9.83e-06,0.235,0.9520000000000001,114.242,audio_features,7LDJZCUTqQrbSrDtldIr3z,spotify:track:7LDJZCUTqQrbSrDtldIr3z,https://api.spotify.com/v1/tracks/7LDJZCUTqQrbSrDtldIr3z,https://api.spotify.com/v1/audio-analysis/7LDJZCUTqQrbSrDtldIr3z,125453.0,4.0
87,South Dakota,South Dakota,69 Boyz,Woof Woof,spotify:track:1bg4iNalDl3bUBClWGmK2b,18,1998-07-02,0.8859999999999999,0.807,11.0,-8.19,1.0,0.11800000000000001,0.155,9.73e-06,0.0681,0.617,135.009,audio_features,1bg4iNalDl3bUBClWGmK2b,spotify:track:1bg4iNalDl3bUBClWGmK2b,https://api.spotify.com/v1/tracks/1bg4iNalDl3bUBClWGmK2b,https://api.spotify.com/v1/audio-analysis/1bg4iNalDl3bUBClWGmK2b,271933.0,4.0
88,South Dakota,South Dakota,Charlie Daniels,Let Freedom Ring,spotify:track:4TDTYHtRQScCQu8e3b0Z86,18,1991-04-23,0.563,0.48,9.0,-13.032,1.0,0.043,0.111,0.0,0.12300000000000001,0.38,92.135,audio_features,4TDTYHtRQScCQu8e3b0Z86,spotify:track:4TDTYHtRQScCQu8e3b0Z86,https://api.spotify.com/v1/tracks/4TDTYHtRQScCQu8e3b0Z86,https://api.spotify.com/v1/audio-analysis/4TDTYHtRQScCQu8e3b0Z86,301333.0,4.0
90,South Dakota,South Dakota,Big Daddy Kane,Next Up,spotify:track:56rD02DmVoLRuzfdGPumOD,21,2007-08-07,0.722,0.7040000000000001,2.0,-6.909,1.0,0.42200000000000004,0.0523,0.0,0.311,0.604,94.14299999999999,audio_features,56rD02DmVoLRuzfdGPumOD,spotify:track:56rD02DmVoLRuzfdGPumOD,https://api.spotify.com/v1/tracks/56rD02DmVoLRuzfdGPumOD,https://api.spotify.com/v1/audio-analysis/56rD02DmVoLRuzfdGPumOD,183600.0,4.0
91,South Dakota,South Dakota,Ashley Monroe,Like A Rose,spotify:track:4PIf3nZnlNdfjyx6zrPbeO,30,2013-03-05,0.5379999999999999,0.406,9.0,-8.591000000000001,1.0,0.0279,0.621,0.0016300000000000002,0.0964,0.609,154.489,audio_features,4PIf3nZnlNdfjyx6zrPbeO,spotify:track:4PIf3nZnlNdfjyx6zrPbeO,https://api.spotify.com/v1/tracks/4PIf3nZnlNdfjyx6zrPbeO,https://api.spotify.com/v1/audio-analysis/4PIf3nZnlNdfjyx6zrPbeO,230676.0,4.0
93,South Dakota,South Dakota,Jim Morris,Laid Back and Key Wasted,spotify:track:6Ke81264AK3y7M81G72Vx2,28,1999-07-20,0.792,0.561,0.0,-12.265,1.0,0.0299,0.493,1.66e-05,0.07200000000000001,0.902,138.144,audio_features,6Ke81264AK3y7M81G72Vx2,spotify:track:6Ke81264AK3y7M81G72Vx2,https://api.spotify.com/v1/tracks/6Ke81264AK3y7M81G72Vx2,https://api.spotify.com/v1/audio-analysis/6Ke81264AK3y7M81G72Vx2,251542.0,4.0
94,South Dakota,South Dakota,Nefarious,Jealous,spotify:track:7g4GsJFtdS9YrHVHaoa6vi,7,2000-02-29,0.89,0.555,2.0,-8.762,1.0,0.271,0.556,1.24e-06,0.102,0.27,87.74700000000001,audio_features,7g4GsJFtdS9YrHVHaoa6vi,spotify:track:7g4GsJFtdS9YrHVHaoa6vi,https://api.spotify.com/v1/tracks/7g4GsJFtdS9YrHVHaoa6vi,https://api.spotify.com/v1/audio-analysis/7g4GsJFtdS9YrHVHaoa6vi,277733.0,4.0
95,Sioux Falls,South Dakota,Toby Keith,Stays in Mexico,spotify:track:3EaUpHrrmoupWICI0uf6Y0,46,2008-01-01,0.655,0.902,9.0,-3.4189999999999996,1.0,0.0779,0.10800000000000001,0.0,0.302,0.6859999999999999,122.975,audio_features,3EaUpHrrmoupWICI0uf6Y0,spotify:track:3EaUpHrrmoupWICI0uf6Y0,https://api.spotify.com/v1/tracks/3EaUpHrrmoupWICI0uf6Y0,https://api.spotify.com/v1/audio-analysis/3EaUpHrrmoupWICI0uf6Y0,214800.0,4.0
96,Sioux Falls,South Dakota,Atmosphere,Jason,spotify:track:5xGxUQ8IxQP3oi8mrS4yQq,18,2003-09-23,0.927,0.741,7.0,-8.086,1.0,0.213,0.7240000000000001,0.8540000000000001,0.0935,0.542,102.04,audio_features,5xGxUQ8IxQP3oi8mrS4yQq,spotify:track:5xGxUQ8IxQP3oi8mrS4yQq,https://api.spotify.com/v1/tracks/5xGxUQ8IxQP3oi8mrS4yQq,https://api.spotify.com/v1/audio-analysis/5xGxUQ8IxQP3oi8mrS4yQq,47147.0,4.0
97,Sioux Falls,South Dakota,Elizabeth Mitchell,Little Liza Jane,spotify:track:5nQ9w1NpLQb75MthKUB2ty,38,2006-08-29,0.843,0.153,11.0,-18.599,0.0,0.23199999999999998,0.7759999999999999,0.0,0.293,0.701,105.00399999999999,audio_features,5nQ9w1NpLQb75MthKUB2ty,spotify:track:5nQ9w1NpLQb75MthKUB2ty,https://api.spotify.com/v1/tracks/5nQ9w1NpLQb75MthKUB2ty,https://api.spotify.com/v1/audio-analysis/5nQ9w1NpLQb75MthKUB2ty,144387.0,4.0
98,Sioux Falls,South Dakota,Kay Hanley,Galapagos,spotify:track:2Q7uw3kDxJR3bSBaGyNsdp,4,2019-09-06,0.33399999999999996,0.449,4.0,-7.119,1.0,0.0262,0.128,0.00451,0.10099999999999999,0.185,74.973,audio_features,2Q7uw3kDxJR3bSBaGyNsdp,spotify:track:2Q7uw3kDxJR3bSBaGyNsdp,https://api.spotify.com/v1/tracks/2Q7uw3kDxJR3bSBaGyNsdp,https://api.spotify.com/v1/audio-analysis/2Q7uw3kDxJR3bSBaGyNsdp,385107.0,4.0
99,Sioux Falls,South Dakota,mewithoutYou,August 6th,spotify:track:7o34AdMC9YjK5Kd85Mjew8,21,2018-08-17,0.273,0.804,0.0,-6.47,0.0,0.0363,0.23199999999999998,0.665,0.0599,0.134,133.644,audio_features,7o34AdMC9YjK5Kd85Mjew8,spotify:track:7o34AdMC9YjK5Kd85Mjew8,https://api.spotify.com/v1/tracks/7o34AdMC9YjK5Kd85Mjew8,https://api.spotify.com/v1/audio-analysis/7o34AdMC9YjK5Kd85Mjew8,207752.0,3.0
100,Sioux Falls,South Dakota,Randy Travis,Blue Mesa,spotify:track:4tEF1mv6vn5haAl0AenFM3,8,1993-08-17,0.6940000000000001,0.612,9.0,-12.017000000000001,1.0,0.03,0.125,7.01e-06,0.28300000000000003,0.882,132.974,audio_features,4tEF1mv6vn5haAl0AenFM3,spotify:track:4tEF1mv6vn5haAl0AenFM3,https://api.spotify.com/v1/tracks/4tEF1mv6vn5haAl0AenFM3,https://api.spotify.com/v1/audio-analysis/4tEF1mv6vn5haAl0AenFM3,180933.0,4.0
101,Sioux Falls,South Dakota,Stan Rogers,White Squall,spotify:track:2rUCRk8WADafoUBXbCmu7R,31,2009,0.425,0.48,9.0,-8.604,1.0,0.0378,0.6970000000000001,0.0008449999999999999,0.198,0.37799999999999995,85.23,audio_features,2rUCRk8WADafoUBXbCmu7R,spotify:track:2rUCRk8WADafoUBXbCmu7R,https://api.spotify.com/v1/tracks/2rUCRk8WADafoUBXbCmu7R,https://api.spotify.com/v1/audio-analysis/2rUCRk8WADafoUBXbCmu7R,302467.0,4.0
102,Sioux Falls,South Dakota,Rotary Club of Ann Arbor North,White Squall,spotify:track:3Rd885dgVVNR6GqHCJUyVW,1,2000,0.321,0.16399999999999998,10.0,-13.969000000000001,1.0,0.039,0.7040000000000001,0.0,0.111,0.358,77.645,audio_features,3Rd885dgVVNR6GqHCJUyVW,spotify:track:3Rd885dgVVNR6GqHCJUyVW,https://api.spotify.com/v1/tracks/3Rd885dgVVNR6GqHCJUyVW,https://api.spotify.com/v1/audio-analysis/3Rd885dgVVNR6GqHCJUyVW,326227.0,4.0
104,Sioux Falls,South Dakota,Joe Ely,All Just to Get to You,spotify:track:0UkPMnb66Flm9at65If7EX,15,1995-01-01,0.593,0.5870000000000001,7.0,-9.246,1.0,0.032,0.154,4.99e-06,0.0686,0.293,116.2,audio_features,0UkPMnb66Flm9at65If7EX,spotify:track:0UkPMnb66Flm9at65If7EX,https://api.spotify.com/v1/tracks/0UkPMnb66Flm9at65If7EX,https://api.spotify.com/v1/audio-analysis/0UkPMnb66Flm9at65If7EX,255893.0,4.0
105,Sioux Falls,South Dakota,Joe Ely,All Just to Get to You,spotify:track:0UkPMnb66Flm9at65If7EX,15,1995-01-01,0.593,0.5870000000000001,7.0,-9.246,1.0,0.032,0.154,4.99e-06,0.0686,0.293,116.2,audio_features,0UkPMnb66Flm9at65If7EX,spotify:track:0UkPMnb66Flm9at65If7EX,https://api.spotify.com/v1/tracks/0UkPMnb66Flm9at65If7EX,https://api.spotify.com/v1/audio-analysis/0UkPMnb66Flm9at65If7EX,255893.0,4.0
106,Sioux Falls,South Dakota,Lupe Fiasco,Around My Way (Freedom Ain't Free),spotify:track:2Vba5MBCdGqcE57GSiOstv,44,2012-09-25,0.48200000000000004,0.877,8.0,-3.714,0.0,0.374,0.0526,0.0,0.366,0.635,205.037,audio_features,2Vba5MBCdGqcE57GSiOstv,spotify:track:2Vba5MBCdGqcE57GSiOstv,https://api.spotify.com/v1/tracks/2Vba5MBCdGqcE57GSiOstv,https://api.spotify.com/v1/audio-analysis/2Vba5MBCdGqcE57GSiOstv,255773.0,4.0
107,Sioux Falls,South Dakota,Pat Green,All Just to Get to You,spotify:track:2VwwJipwog1cFRNVrLec7U,23,2012-01-01,0.529,0.88,7.0,-3.515,1.0,0.0505,0.004229999999999999,0.00852,0.19899999999999998,0.345,116.994,audio_features,2VwwJipwog1cFRNVrLec7U,spotify:track:2VwwJipwog1cFRNVrLec7U,https://api.spotify.com/v1/tracks/2VwwJipwog1cFRNVrLec7U,https://api.spotify.com/v1/audio-analysis/2VwwJipwog1cFRNVrLec7U,230213.0,4.0
109,Sioux Falls,South Dakota,The Handsome Family,Flies,spotify:track:4EtpZ08WdL4aQAYswZRA9J,9,2013-05-14,0.531,0.47200000000000003,7.0,-11.056,1.0,0.0269,0.294,1.74e-06,0.0702,0.56,154.15200000000002,audio_features,4EtpZ08WdL4aQAYswZRA9J,spotify:track:4EtpZ08WdL4aQAYswZRA9J,https://api.spotify.com/v1/tracks/4EtpZ08WdL4aQAYswZRA9J,https://api.spotify.com/v1/audio-analysis/4EtpZ08WdL4aQAYswZRA9J,221750.0,4.0
110,Sioux Falls,South Dakota,"Snotty Nose Rez Kids, Drezus",Skoden Remix,spotify:track:6IA8EedTsZhNVNHlUiiVqN,23,2017-09-27,0.82,0.63,1.0,-8.253,1.0,0.278,0.395,2.46e-05,0.0974,0.514,120.917,audio_features,6IA8EedTsZhNVNHlUiiVqN,spotify:track:6IA8EedTsZhNVNHlUiiVqN,https://api.spotify.com/v1/tracks/6IA8EedTsZhNVNHlUiiVqN,https://api.spotify.com/v1/audio-analysis/6IA8EedTsZhNVNHlUiiVqN,279057.0,4.0
111,Sioux Falls,South Dakota,Withered Beauty,Broken,spotify:track:23hjF7e3jMu6eXs3SZ3BmB,0,2020-04-24,0.377,0.9129999999999999,1.0,-5.861000000000001,1.0,0.0809,0.00035299999999999996,0.0,0.124,0.376,87.538,audio_features,23hjF7e3jMu6eXs3SZ3BmB,spotify:track:23hjF7e3jMu6eXs3SZ3BmB,https://api.spotify.com/v1/tracks/23hjF7e3jMu6eXs3SZ3BmB,https://api.spotify.com/v1/audio-analysis/23hjF7e3jMu6eXs3SZ3BmB,284208.0,4.0
112,Rapid City,South Dakota,Jon Brooks & The Outskirts of Approval,War Resister,spotify:track:3BZOAYnkFDHxqKYjWuUIkZ,0,2019-09-13,0.718,0.35200000000000004,10.0,-10.165,1.0,0.0321,0.368,0.0,0.105,0.308,116.40700000000001,audio_features,3BZOAYnkFDHxqKYjWuUIkZ,spotify:track:3BZOAYnkFDHxqKYjWuUIkZ,https://api.spotify.com/v1/tracks/3BZOAYnkFDHxqKYjWuUIkZ,https://api.spotify.com/v1/audio-analysis/3BZOAYnkFDHxqKYjWuUIkZ,217530.0,4.0
113,Rapid City,South Dakota,Okkervil River,Call Yourself Renee,spotify:track:0jSN0UdpCMgKDheH8uzPCy,29,2016-09-09,0.37,0.45899999999999996,2.0,-10.329,1.0,0.0363,0.741,0.0008439999999999999,0.0894,0.129,93.794,audio_features,0jSN0UdpCMgKDheH8uzPCy,spotify:track:0jSN0UdpCMgKDheH8uzPCy,https://api.spotify.com/v1/tracks/0jSN0UdpCMgKDheH8uzPCy,https://api.spotify.com/v1/audio-analysis/0jSN0UdpCMgKDheH8uzPCy,427184.0,4.0
114,Rapid City,South Dakota,Dilated Peoples,Rapid Transit,spotify:track:04H3EJztE2HEM6guBJhqdX,20,2006-02-21,0.589,0.6409999999999999,11.0,-8.972000000000001,0.0,0.616,0.53,1.0199999999999999e-05,0.353,0.552,83.932,audio_features,04H3EJztE2HEM6guBJhqdX,spotify:track:04H3EJztE2HEM6guBJhqdX,https://api.spotify.com/v1/tracks/04H3EJztE2HEM6guBJhqdX,https://api.spotify.com/v1/audio-analysis/04H3EJztE2HEM6guBJhqdX,381853.0,4.0
115,Rapid City,South Dakota,Emmylou Harris,The Ballad of Sally Rose,spotify:track:087tt0dhMQVyosWG3pkSKI,33,1985-01-14,0.545,0.21,10.0,-20.59,1.0,0.0294,0.41600000000000004,0.000263,0.0619,0.797,80.925,audio_features,087tt0dhMQVyosWG3pkSKI,spotify:track:087tt0dhMQVyosWG3pkSKI,https://api.spotify.com/v1/tracks/087tt0dhMQVyosWG3pkSKI,https://api.spotify.com/v1/audio-analysis/087tt0dhMQVyosWG3pkSKI,171800.0,4.0
116,Rapid City,South Dakota,John Denver,Trail of Tears,spotify:track:2gyBpf24lqY7EnazsyG3v4,9,1985,0.5429999999999999,0.19,7.0,-18.189,1.0,0.0328,0.7759999999999999,0.00021,0.171,0.44799999999999995,78.95100000000001,audio_features,2gyBpf24lqY7EnazsyG3v4,spotify:track:2gyBpf24lqY7EnazsyG3v4,https://api.spotify.com/v1/tracks/2gyBpf24lqY7EnazsyG3v4,https://api.spotify.com/v1/audio-analysis/2gyBpf24lqY7EnazsyG3v4,239440.0,4.0
118,Rapid City,South Dakota,Braid,Never Will Come for Us,spotify:track:5lJVCbb4sgnCX4BRC0XMh3,22,1998,0.523,0.754,1.0,-7.555,0.0,0.0366,0.00124,0.000699,0.11900000000000001,0.223,111.40899999999999,audio_features,5lJVCbb4sgnCX4BRC0XMh3,spotify:track:5lJVCbb4sgnCX4BRC0XMh3,https://api.spotify.com/v1/tracks/5lJVCbb4sgnCX4BRC0XMh3,https://api.spotify.com/v1/audio-analysis/5lJVCbb4sgnCX4BRC0XMh3,211133.0,3.0
119,Rapid City,South Dakota,The Bouncing Souls,"The Freaks, Nerds, and Romantics",spotify:track:06TjKIoPpBPI0PHF5V5IOn,25,1995,0.53,0.961,2.0,-6.144,1.0,0.0849,0.00555,1.71e-06,0.348,0.405,103.921,audio_features,06TjKIoPpBPI0PHF5V5IOn,spotify:track:06TjKIoPpBPI0PHF5V5IOn,https://api.spotify.com/v1/tracks/06TjKIoPpBPI0PHF5V5IOn,https://api.spotify.com/v1/audio-analysis/06TjKIoPpBPI0PHF5V5IOn,152000.0,4.0
120,Rapid City,South Dakota,Imperial Teen,Lipstick,spotify:track:3LcKPu0CmHHSQjcOjd20lu,8,2008,0.258,0.9470000000000001,4.0,-2.602,0.0,0.18100000000000002,0.3,0.5670000000000001,0.13699999999999998,0.24600000000000002,118.096,audio_features,3LcKPu0CmHHSQjcOjd20lu,spotify:track:3LcKPu0CmHHSQjcOjd20lu,https://api.spotify.com/v1/tracks/3LcKPu0CmHHSQjcOjd20lu,https://api.spotify.com/v1/audio-analysis/3LcKPu0CmHHSQjcOjd20lu,106640.0,4.0
122,Rapid City,South Dakota,Iggy Pop,A Machine for Loving,spotify:track:1tUuQoozcjN2Ddz1WPBjp9,14,2009-01-01,0.5329999999999999,0.542,9.0,-9.454,0.0,0.0437,0.091,0.111,0.0901,0.217,104.855,audio_features,1tUuQoozcjN2Ddz1WPBjp9,spotify:track:1tUuQoozcjN2Ddz1WPBjp9,https://api.spotify.com/v1/tracks/1tUuQoozcjN2Ddz1WPBjp9,https://api.spotify.com/v1/audio-analysis/1tUuQoozcjN2Ddz1WPBjp9,195667.0,4.0
123,Rapid City,South Dakota,Del the Funky Homosapien,The Wacky World of Rapid Transit,spotify:track:47XnvRlqY7KCLtflGpGWXc,30,1991-10-15,0.875,0.825,6.0,-8.671,0.0,0.218,0.12,0.0,0.261,0.652,107.663,audio_features,47XnvRlqY7KCLtflGpGWXc,spotify:track:47XnvRlqY7KCLtflGpGWXc,https://api.spotify.com/v1/tracks/47XnvRlqY7KCLtflGpGWXc,https://api.spotify.com/v1/audio-analysis/47XnvRlqY7KCLtflGpGWXc,197093.0,4.0
124,Rapid City,South Dakota,Jim Croce,Rapid Roy (The Stock Car Boy),spotify:track:1XTEh9DAJp2khkwWm0IGoA,25,1974-09-26,0.6809999999999999,0.71,4.0,-13.399000000000001,1.0,0.0365,0.575,0.000113,0.0903,0.97,88.916,audio_features,1XTEh9DAJp2khkwWm0IGoA,spotify:track:1XTEh9DAJp2khkwWm0IGoA,https://api.spotify.com/v1/tracks/1XTEh9DAJp2khkwWm0IGoA,https://api.spotify.com/v1/audio-analysis/1XTEh9DAJp2khkwWm0IGoA,166213.0,4.0
125,Rapid City,South Dakota,Future,March Madness,spotify:track:3WcC6NH9J77xPEvj1SOL7z,65,2015-03-21,0.5,0.69,8.0,-4.448,1.0,0.312,0.159,0.0,0.10400000000000001,0.371,180.206,audio_features,3WcC6NH9J77xPEvj1SOL7z,spotify:track:3WcC6NH9J77xPEvj1SOL7z,https://api.spotify.com/v1/tracks/3WcC6NH9J77xPEvj1SOL7z,https://api.spotify.com/v1/audio-analysis/3WcC6NH9J77xPEvj1SOL7z,244511.0,3.0
126,Rapid City,South Dakota,Tech N9ne,Kansas City King,spotify:track:7xpdBNVRsZ7Jn7A1uqnvwm,7,2004-06-15,0.862,0.621,1.0,-7.017,0.0,0.27,0.0648,0.0,0.154,0.41,89.59,audio_features,7xpdBNVRsZ7Jn7A1uqnvwm,spotify:track:7xpdBNVRsZ7Jn7A1uqnvwm,https://api.spotify.com/v1/tracks/7xpdBNVRsZ7Jn7A1uqnvwm,https://api.spotify.com/v1/audio-analysis/7xpdBNVRsZ7Jn7A1uqnvwm,335133.0,4.0
127,Rapid City,South Dakota,Wu-Tang Clan,Windmill,spotify:track:3ETgl4lvGNuUuJnSSuLYrI,17,2007-12-11,0.81,0.7,6.0,-7.706,1.0,0.168,0.175,0.0,0.0823,0.677,101.594,audio_features,3ETgl4lvGNuUuJnSSuLYrI,spotify:track:3ETgl4lvGNuUuJnSSuLYrI,https://api.spotify.com/v1/tracks/3ETgl4lvGNuUuJnSSuLYrI,https://api.spotify.com/v1/audio-analysis/3ETgl4lvGNuUuJnSSuLYrI,271333.0,4.0
128,Rapid City,South Dakota,Wu-Tang Clan,Windmill,spotify:track:3ETgl4lvGNuUuJnSSuLYrI,17,2007-12-11,0.81,0.7,6.0,-7.706,1.0,0.168,0.175,0.0,0.0823,0.677,101.594,audio_features,3ETgl4lvGNuUuJnSSuLYrI,spotify:track:3ETgl4lvGNuUuJnSSuLYrI,https://api.spotify.com/v1/tracks/3ETgl4lvGNuUuJnSSuLYrI,https://api.spotify.com/v1/audio-analysis/3ETgl4lvGNuUuJnSSuLYrI,271333.0,4.0
129,Rapid City,South Dakota,Rudy Kalma,California Genesis,spotify:track:20qla8MVPAQR2weKwmxMQW,5,2018-01-16,0.753,0.757,11.0,-5.437,0.0,0.44299999999999995,0.45,0.0,0.128,0.664,172.135,audio_features,20qla8MVPAQR2weKwmxMQW,spotify:track:20qla8MVPAQR2weKwmxMQW,https://api.spotify.com/v1/tracks/20qla8MVPAQR2weKwmxMQW,https://api.spotify.com/v1/audio-analysis/20qla8MVPAQR2weKwmxMQW,168837.0,4.0
131,Rapid City,South Dakota,Drama,Takin Pictures,spotify:track:5BoKPKk7OdpEzwPhowb2xU,26,2007-12-03,0.669,0.789,7.0,-4.723,1.0,0.193,0.00297,0.0,0.0655,0.8390000000000001,148.004,audio_features,5BoKPKk7OdpEzwPhowb2xU,spotify:track:5BoKPKk7OdpEzwPhowb2xU,https://api.spotify.com/v1/tracks/5BoKPKk7OdpEzwPhowb2xU,https://api.spotify.com/v1/audio-analysis/5BoKPKk7OdpEzwPhowb2xU,267187.0,4.0
132,Rapid City,South Dakota,Young Jeezy,Pretty Diamonds,spotify:track:1uP6929ijXZatcsn5KyuD0,15,2020-07-29,0.628,0.581,1.0,-4.601,0.0,0.0509,0.00249,0.0,0.22899999999999998,0.204,130.026,audio_features,1uP6929ijXZatcsn5KyuD0,spotify:track:1uP6929ijXZatcsn5KyuD0,https://api.spotify.com/v1/tracks/1uP6929ijXZatcsn5KyuD0,https://api.spotify.com/v1/audio-analysis/1uP6929ijXZatcsn5KyuD0,269440.0,4.0
134,Rapid City,South Dakota,Redman,Flipmode Squad Meets Def Squad,spotify:track:69zdwVJe3HidP5RYwr6QLJ,38,1996,0.736,0.623,11.0,-7.774,0.0,0.37,0.0211,0.0,0.11900000000000001,0.37799999999999995,84.991,audio_features,69zdwVJe3HidP5RYwr6QLJ,spotify:track:69zdwVJe3HidP5RYwr6QLJ,https://api.spotify.com/v1/tracks/69zdwVJe3HidP5RYwr6QLJ,https://api.spotify.com/v1/audio-analysis/69zdwVJe3HidP5RYwr6QLJ,490507.0,4.0
135,Rapid City,South Dakota,Method Man,The Riddler,spotify:track:0GzXo2jahyCJbyTEo5fqCB,31,1995-10-24,0.7979999999999999,0.6679999999999999,10.0,-4.824,1.0,0.091,0.0571,0.00987,0.204,0.43799999999999994,168.03900000000002,audio_features,0GzXo2jahyCJbyTEo5fqCB,spotify:track:0GzXo2jahyCJbyTEo5fqCB,https://api.spotify.com/v1/tracks/0GzXo2jahyCJbyTEo5fqCB,https://api.spotify.com/v1/audio-analysis/0GzXo2jahyCJbyTEo5fqCB,213733.0,4.0
136,Rapid City,South Dakota,The Roots,UNIverse at War,spotify:track:3kHiJ0ogo8F6FGioJ9JWzz,32,1996-09-24,0.7190000000000001,0.494,1.0,-8.199,1.0,0.42200000000000004,0.0388,0.0,0.335,0.461,91.632,audio_features,3kHiJ0ogo8F6FGioJ9JWzz,spotify:track:3kHiJ0ogo8F6FGioJ9JWzz,https://api.spotify.com/v1/tracks/3kHiJ0ogo8F6FGioJ9JWzz,https://api.spotify.com/v1/audio-analysis/3kHiJ0ogo8F6FGioJ9JWzz,295507.0,4.0
137,Rapid City,South Dakota,The Roots,Universe at War,spotify:track:3kHiJ0ogo8F6FGioJ9JWzz,32,1996-09-24,0.7190000000000001,0.494,1.0,-8.199,1.0,0.42200000000000004,0.0388,0.0,0.335,0.461,91.632,audio_features,3kHiJ0ogo8F6FGioJ9JWzz,spotify:track:3kHiJ0ogo8F6FGioJ9JWzz,https://api.spotify.com/v1/tracks/3kHiJ0ogo8F6FGioJ9JWzz,https://api.spotify.com/v1/audio-analysis/3kHiJ0ogo8F6FGioJ9JWzz,295507.0,4.0
138,Rapid City,South Dakota,Lupe Fiasco,Quotations from Chairman Fred,spotify:track:0fUvBWVKkzzx9tpRsR3KPM,30,2018-09-21,0.473,0.7140000000000001,5.0,-5.894,1.0,0.359,0.355,0.0,0.11199999999999999,0.401,79.215,audio_features,0fUvBWVKkzzx9tpRsR3KPM,spotify:track:0fUvBWVKkzzx9tpRsR3KPM,https://api.spotify.com/v1/tracks/0fUvBWVKkzzx9tpRsR3KPM,https://api.spotify.com/v1/audio-analysis/0fUvBWVKkzzx9tpRsR3KPM,429005.0,4.0
139,Rapid City,South Dakota,Drama,Takin Pictures,spotify:track:5BoKPKk7OdpEzwPhowb2xU,26,2007-12-03,0.669,0.789,7.0,-4.723,1.0,0.193,0.00297,0.0,0.0655,0.8390000000000001,148.004,audio_features,5BoKPKk7OdpEzwPhowb2xU,spotify:track:5BoKPKk7OdpEzwPhowb2xU,https://api.spotify.com/v1/tracks/5BoKPKk7OdpEzwPhowb2xU,https://api.spotify.com/v1/audio-analysis/5BoKPKk7OdpEzwPhowb2xU,267187.0,4.0
140,Rapid City,South Dakota,Drama,Takin Pictures,spotify:track:5BoKPKk7OdpEzwPhowb2xU,26,2007-12-03,0.669,0.789,7.0,-4.723,1.0,0.193,0.00297,0.0,0.0655,0.8390000000000001,148.004,audio_features,5BoKPKk7OdpEzwPhowb2xU,spotify:track:5BoKPKk7OdpEzwPhowb2xU,https://api.spotify.com/v1/tracks/5BoKPKk7OdpEzwPhowb2xU,https://api.spotify.com/v1/audio-analysis/5BoKPKk7OdpEzwPhowb2xU,267187.0,4.0
141,Rapid City,South Dakota,Young Buck,Takin Pictures,spotify:track:5BoKPKk7OdpEzwPhowb2xU,26,2007-12-03,0.669,0.789,7.0,-4.723,1.0,0.193,0.00297,0.0,0.0655,0.8390000000000001,148.004,audio_features,5BoKPKk7OdpEzwPhowb2xU,spotify:track:5BoKPKk7OdpEzwPhowb2xU,https://api.spotify.com/v1/tracks/5BoKPKk7OdpEzwPhowb2xU,https://api.spotify.com/v1/audio-analysis/5BoKPKk7OdpEzwPhowb2xU,267187.0,4.0
142,Rapid City,South Dakota,Ghetto Commission,Bad Weather,spotify:track:1IcSm2owqnBrzstLOLqUZ1,0,2015-01-28,0.8340000000000001,0.369,7.0,-12.214,1.0,0.177,2.97e-05,0.9109999999999999,0.107,0.46399999999999997,160.09799999999998,audio_features,1IcSm2owqnBrzstLOLqUZ1,spotify:track:1IcSm2owqnBrzstLOLqUZ1,https://api.spotify.com/v1/tracks/1IcSm2owqnBrzstLOLqUZ1,https://api.spotify.com/v1/audio-analysis/1IcSm2owqnBrzstLOLqUZ1,50067.0,4.0
143,Rapid City,South Dakota,Twista,Still Feels So Good,spotify:track:66Ejr8hUlkfSUjDJEmV45n,33,2004-01-27,0.828,0.848,5.0,-4.02,0.0,0.309,0.302,0.0,0.11699999999999999,0.5579999999999999,122.03,audio_features,66Ejr8hUlkfSUjDJEmV45n,spotify:track:66Ejr8hUlkfSUjDJEmV45n,https://api.spotify.com/v1/tracks/66Ejr8hUlkfSUjDJEmV45n,https://api.spotify.com/v1/audio-analysis/66Ejr8hUlkfSUjDJEmV45n,249213.0,4.0
144,Rapid City,South Dakota,Twista,Still Feels So Good,spotify:track:66Ejr8hUlkfSUjDJEmV45n,33,2004-01-27,0.828,0.848,5.0,-4.02,0.0,0.309,0.302,0.0,0.11699999999999999,0.5579999999999999,122.03,audio_features,66Ejr8hUlkfSUjDJEmV45n,spotify:track:66Ejr8hUlkfSUjDJEmV45n,https://api.spotify.com/v1/tracks/66Ejr8hUlkfSUjDJEmV45n,https://api.spotify.com/v1/audio-analysis/66Ejr8hUlkfSUjDJEmV45n,249213.0,4.0
145,Rapid City,South Dakota,The Clash,Movers and Shakers,spotify:track:3q2a2YN8rfRqX9V73brcYk,20,1985,0.56,0.831,9.0,-9.587,1.0,0.0476,0.0503,0.0,0.149,0.7709999999999999,146.91299999999998,audio_features,3q2a2YN8rfRqX9V73brcYk,spotify:track:3q2a2YN8rfRqX9V73brcYk,https://api.spotify.com/v1/tracks/3q2a2YN8rfRqX9V73brcYk,https://api.spotify.com/v1/audio-analysis/3q2a2YN8rfRqX9V73brcYk,181600.0,4.0
146,Rapid City,South Dakota,Naughty by Nature,It's On,spotify:track:3lanCLtaKrSkKzMuiS2HNF,25,1993-02-23,0.85,0.424,1.0,-13.818,1.0,0.287,0.0126,0.0004980000000000001,0.272,0.502,103.02799999999999,audio_features,3lanCLtaKrSkKzMuiS2HNF,spotify:track:3lanCLtaKrSkKzMuiS2HNF,https://api.spotify.com/v1/tracks/3lanCLtaKrSkKzMuiS2HNF,https://api.spotify.com/v1/audio-analysis/3lanCLtaKrSkKzMuiS2HNF,304867.0,4.0
147,Rapid City,South Dakota,The Guess Who,Those Show Biz Shoes,spotify:track:2eQASfMteyl4TPqlZDyfyb,5,1973-01-01,0.361,0.629,9.0,-10.059,0.0,0.0299,0.162,0.005679999999999999,0.19699999999999998,0.585,100.119,audio_features,2eQASfMteyl4TPqlZDyfyb,spotify:track:2eQASfMteyl4TPqlZDyfyb,https://api.spotify.com/v1/tracks/2eQASfMteyl4TPqlZDyfyb,https://api.spotify.com/v1/audio-analysis/2eQASfMteyl4TPqlZDyfyb,409893.0,4.0
148,Rapid City,South Dakota,Young MC,I Come Off,spotify:track:3vlTwuK1urCWqj0PcZIUgZ,29,1989-01-01,0.754,0.9059999999999999,1.0,-4.989,1.0,0.0989,0.0139,9.99e-06,0.332,0.9279999999999999,95.46700000000001,audio_features,3vlTwuK1urCWqj0PcZIUgZ,spotify:track:3vlTwuK1urCWqj0PcZIUgZ,https://api.spotify.com/v1/tracks/3vlTwuK1urCWqj0PcZIUgZ,https://api.spotify.com/v1/audio-analysis/3vlTwuK1urCWqj0PcZIUgZ,246160.0,4.0
149,Rapid City,South Dakota,Method Man,Spazzola,spotify:track:55I6QZMyZI6XSA2XcGwGwX,24,1998-10-11,0.636,0.753,4.0,-8.645,1.0,0.436,0.593,0.0,0.301,0.764,92.639,audio_features,55I6QZMyZI6XSA2XcGwGwX,spotify:track:55I6QZMyZI6XSA2XcGwGwX,https://api.spotify.com/v1/tracks/55I6QZMyZI6XSA2XcGwGwX,https://api.spotify.com/v1/audio-analysis/55I6QZMyZI6XSA2XcGwGwX,234573.0,4.0
150,Rapid City,South Dakota,Jermaine Dupri,Hate Blood,spotify:track:0EKPFDBVyeE1vMfI4ghc3L,21,2001-10-30,0.633,0.8320000000000001,8.0,-6.325,1.0,0.32,0.040999999999999995,0.0,0.0673,0.42100000000000004,86.47,audio_features,0EKPFDBVyeE1vMfI4ghc3L,spotify:track:0EKPFDBVyeE1vMfI4ghc3L,https://api.spotify.com/v1/tracks/0EKPFDBVyeE1vMfI4ghc3L,https://api.spotify.com/v1/audio-analysis/0EKPFDBVyeE1vMfI4ghc3L,234507.0,4.0
152,Rapid City,South Dakota,Kool G Rap,Letters,spotify:track:5LXhX1KJOOT8UVnxoe9M65,12,1992,0.8340000000000001,0.616,11.0,-9.456,0.0,0.391,0.185,0.000366,0.0939,0.647,94.896,audio_features,5LXhX1KJOOT8UVnxoe9M65,spotify:track:5LXhX1KJOOT8UVnxoe9M65,https://api.spotify.com/v1/tracks/5LXhX1KJOOT8UVnxoe9M65,https://api.spotify.com/v1/audio-analysis/5LXhX1KJOOT8UVnxoe9M65,220360.0,4.0
153,Rapid City,South Dakota,RZA,Unspoken Word,spotify:track:3LEa4Glh19BrprR1JP831K,23,1998-11-24,0.7190000000000001,0.9079999999999999,2.0,-4.85,1.0,0.456,0.13699999999999998,0.0,0.415,0.6709999999999999,81.941,audio_features,3LEa4Glh19BrprR1JP831K,spotify:track:3LEa4Glh19BrprR1JP831K,https://api.spotify.com/v1/tracks/3LEa4Glh19BrprR1JP831K,https://api.spotify.com/v1/audio-analysis/3LEa4Glh19BrprR1JP831K,284867.0,4.0
154,Rapid City,South Dakota,The Church,The Further Adventures of the Time Being,spotify:track:0z5perQ3swmILxCQnFz7aZ,4,1996-08-19,0.632,0.5429999999999999,9.0,-9.073,0.0,0.0285,0.00151,0.0236,0.122,0.251,126.132,audio_features,0z5perQ3swmILxCQnFz7aZ,spotify:track:0z5perQ3swmILxCQnFz7aZ,https://api.spotify.com/v1/tracks/0z5perQ3swmILxCQnFz7aZ,https://api.spotify.com/v1/audio-analysis/0z5perQ3swmILxCQnFz7aZ,358867.0,4.0
155,Rapid City,South Dakota,Crucial Conflict,Back Against the Wall,spotify:track:4m0IsdjSZxzijUPpRaNSsB,13,1998-01-01,0.8240000000000001,0.742,11.0,-8.492,0.0,0.188,0.401,0.0,0.191,0.5720000000000001,144.55700000000002,audio_features,4m0IsdjSZxzijUPpRaNSsB,spotify:track:4m0IsdjSZxzijUPpRaNSsB,https://api.spotify.com/v1/tracks/4m0IsdjSZxzijUPpRaNSsB,https://api.spotify.com/v1/audio-analysis/4m0IsdjSZxzijUPpRaNSsB,319827.0,4.0
157,Rapid City,South Dakota,Gone West,Slow Down,spotify:track:67W4ZBcLxMCi5qSVnIsWJQ,49,2020-03-03,0.72,0.768,2.0,-6.792999999999999,1.0,0.0314,0.0175,0.000337,0.0716,0.537,132.003,audio_features,67W4ZBcLxMCi5qSVnIsWJQ,spotify:track:67W4ZBcLxMCi5qSVnIsWJQ,https://api.spotify.com/v1/tracks/67W4ZBcLxMCi5qSVnIsWJQ,https://api.spotify.com/v1/audio-analysis/67W4ZBcLxMCi5qSVnIsWJQ,232636.0,4.0
158,Rapid City,South Dakota,Kevin Gates,Federal Pressure,spotify:track:73qvKxjIenqo9i0Z52I7Jc,54,2018-12-19,0.715,0.652,10.0,-7.016,0.0,0.27399999999999997,0.0285,0.0,0.106,0.612,139.945,audio_features,73qvKxjIenqo9i0Z52I7Jc,spotify:track:73qvKxjIenqo9i0Z52I7Jc,https://api.spotify.com/v1/tracks/73qvKxjIenqo9i0Z52I7Jc,https://api.spotify.com/v1/audio-analysis/73qvKxjIenqo9i0Z52I7Jc,171494.0,4.0
159,Rapid City,South Dakota,"Heems, Your Old Droog",Bangladesh,spotify:track:4UJ8bdbAw3qdETpt68BUN8,40,2017-03-10,0.58,0.6729999999999999,9.0,-6.17,1.0,0.424,0.36,3.97e-05,0.536,0.418,88.133,audio_features,4UJ8bdbAw3qdETpt68BUN8,spotify:track:4UJ8bdbAw3qdETpt68BUN8,https://api.spotify.com/v1/tracks/4UJ8bdbAw3qdETpt68BUN8,https://api.spotify.com/v1/audio-analysis/4UJ8bdbAw3qdETpt68BUN8,214653.0,4.0
160,Rapid City,South Dakota,Flesh-N-Bone,Coming 2 Serve You,spotify:track:09eA5L9JzItfNvnsH21U0E,11,1996-01-01,0.6920000000000001,0.602,1.0,-9.376,1.0,0.0961,0.35100000000000003,0.20600000000000002,0.109,0.6890000000000001,77.902,audio_features,09eA5L9JzItfNvnsH21U0E,spotify:track:09eA5L9JzItfNvnsH21U0E,https://api.spotify.com/v1/tracks/09eA5L9JzItfNvnsH21U0E,https://api.spotify.com/v1/audio-analysis/09eA5L9JzItfNvnsH21U0E,331640.0,4.0
161,Rapid City,South Dakota,Gravediggaz,Pit of Snakes,spotify:track:4o9yXQh5IiLppFvBiUx5F4,16,1997-10-14,0.7859999999999999,0.82,4.0,-4.136,0.0,0.34299999999999997,0.0908,0.0,0.384,0.591,88.194,audio_features,4o9yXQh5IiLppFvBiUx5F4,spotify:track:4o9yXQh5IiLppFvBiUx5F4,https://api.spotify.com/v1/tracks/4o9yXQh5IiLppFvBiUx5F4,https://api.spotify.com/v1/audio-analysis/4o9yXQh5IiLppFvBiUx5F4,259707.0,4.0
162,Rapid City,South Dakota,Tee Grizzley,God's Warrior,spotify:track:3Dkj37f0j3th0ZqtbWxh2s,56,2019-06-07,0.8029999999999999,0.6890000000000001,1.0,-5.318,0.0,0.40299999999999997,0.215,0.0,0.28300000000000003,0.684,157.517,audio_features,3Dkj37f0j3th0ZqtbWxh2s,spotify:track:3Dkj37f0j3th0ZqtbWxh2s,https://api.spotify.com/v1/tracks/3Dkj37f0j3th0ZqtbWxh2s,https://api.spotify.com/v1/audio-analysis/3Dkj37f0j3th0ZqtbWxh2s,167704.0,4.0
163,Rapid City,South Dakota,Rottin Razkals,Oh Yeah,spotify:track:3n7Eb7kdpMw4DgrcbEwtNG,20,2011-05-17,0.9259999999999999,0.614,6.0,-8.471,1.0,0.305,0.0807,0.0,0.0685,0.872,97.205,audio_features,3n7Eb7kdpMw4DgrcbEwtNG,spotify:track:3n7Eb7kdpMw4DgrcbEwtNG,https://api.spotify.com/v1/tracks/3n7Eb7kdpMw4DgrcbEwtNG,https://api.spotify.com/v1/audio-analysis/3n7Eb7kdpMw4DgrcbEwtNG,203467.0,4.0
164,Rapid City,South Dakota,Ultramagnetic MC's,Don't Be Scared,spotify:track:21fbTptAfvJ43KgKgiJ43i,5,1993,0.742,0.649,11.0,-11.034,0.0,0.354,0.0314,5.550000000000001e-05,0.0986,0.38,95.295,audio_features,21fbTptAfvJ43KgKgiJ43i,spotify:track:21fbTptAfvJ43KgKgiJ43i,https://api.spotify.com/v1/tracks/21fbTptAfvJ43KgKgiJ43i,https://api.spotify.com/v1/audio-analysis/21fbTptAfvJ43KgKgiJ43i,303067.0,4.0
165,Rapid City,South Dakota,J-Live,A Charmed Life,spotify:track:6Gen07qGcr1pyqKrVogecs,12,2002-04-02,0.693,0.685,9.0,-4.8,1.0,0.102,0.406,0.0,0.252,0.765,97.331,audio_features,6Gen07qGcr1pyqKrVogecs,spotify:track:6Gen07qGcr1pyqKrVogecs,https://api.spotify.com/v1/tracks/6Gen07qGcr1pyqKrVogecs,https://api.spotify.com/v1/audio-analysis/6Gen07qGcr1pyqKrVogecs,231920.0,3.0
167,Rapid City,South Dakota,Ningatrybe Lex,Sazn,spotify:track:5qmqpFMGjq3MxcEoSH3Y1U,0,2018-04-07,0.5920000000000001,0.63,2.0,-8.685,1.0,0.0404,0.0216,0.0,0.316,0.133,72.49,audio_features,5qmqpFMGjq3MxcEoSH3Y1U,spotify:track:5qmqpFMGjq3MxcEoSH3Y1U,https://api.spotify.com/v1/tracks/5qmqpFMGjq3MxcEoSH3Y1U,https://api.spotify.com/v1/audio-analysis/5qmqpFMGjq3MxcEoSH3Y1U,179043.0,4.0
168,Rapid City,South Dakota,Jon Jorgenson & Common Man Music,When I Lose You,spotify:track:6Z9htX6oSvLthnhgbaUW08,16,2018-02-05,0.608,0.556,4.0,-8.504,0.0,0.12,0.68,2.5300000000000002e-05,0.105,0.239,79.383,audio_features,6Z9htX6oSvLthnhgbaUW08,spotify:track:6Z9htX6oSvLthnhgbaUW08,https://api.spotify.com/v1/tracks/6Z9htX6oSvLthnhgbaUW08,https://api.spotify.com/v1/audio-analysis/6Z9htX6oSvLthnhgbaUW08,219455.0,3.0
169,Rapid City,South Dakota,1cy Prophecy,Space Beamer,spotify:track:2bUqjQaY9Dptm2pBowA57n,0,2018-01-14,0.9,0.635,5.0,-9.704,1.0,0.275,0.525,0.0,0.114,0.0364,138.05,audio_features,2bUqjQaY9Dptm2pBowA57n,spotify:track:2bUqjQaY9Dptm2pBowA57n,https://api.spotify.com/v1/tracks/2bUqjQaY9Dptm2pBowA57n,https://api.spotify.com/v1/audio-analysis/2bUqjQaY9Dptm2pBowA57n,166961.0,4.0
170,Rapid City,South Dakota,Chad Reynvaan,Winning and Losing Friends,spotify:track:3CulnZ4x3rda6o8VA0pmvW,0,2020-06-05,0.67,0.588,9.0,-7.641,1.0,0.0293,0.171,0.0,0.0564,0.758,116.054,audio_features,3CulnZ4x3rda6o8VA0pmvW,spotify:track:3CulnZ4x3rda6o8VA0pmvW,https://api.spotify.com/v1/tracks/3CulnZ4x3rda6o8VA0pmvW,https://api.spotify.com/v1/audio-analysis/3CulnZ4x3rda6o8VA0pmvW,177111.0,4.0
171,Rapid City,South Dakota,JT,Intro,spotify:track:3CulnZ4x3rda6o8VA0pmvW,0,2020-06-05,0.67,0.588,9.0,-7.641,1.0,0.0293,0.171,0.0,0.0564,0.758,116.054,audio_features,3CulnZ4x3rda6o8VA0pmvW,spotify:track:3CulnZ4x3rda6o8VA0pmvW,https://api.spotify.com/v1/tracks/3CulnZ4x3rda6o8VA0pmvW,https://api.spotify.com/v1/audio-analysis/3CulnZ4x3rda6o8VA0pmvW,177111.0,4.0
172,Rapid City,South Dakota,Lonnie Liston Smith,Night Life,spotify:track:3UGfxLbsu3e69W0BfpVD7g,28,2020-05-10,0.168,0.32,2.0,-15.989,1.0,0.0402,0.23199999999999998,0.433,0.255,0.391,90.165,audio_features,3UGfxLbsu3e69W0BfpVD7g,spotify:track:3UGfxLbsu3e69W0BfpVD7g,https://api.spotify.com/v1/tracks/3UGfxLbsu3e69W0BfpVD7g,https://api.spotify.com/v1/audio-analysis/3UGfxLbsu3e69W0BfpVD7g,177371.0,4.0
174,Rapid City,South Dakota,J-Live,A Charmed Life,spotify:track:6Gen07qGcr1pyqKrVogecs,12,2002-04-02,0.693,0.685,9.0,-4.8,1.0,0.102,0.406,0.0,0.252,0.765,97.331,audio_features,6Gen07qGcr1pyqKrVogecs,spotify:track:6Gen07qGcr1pyqKrVogecs,https://api.spotify.com/v1/tracks/6Gen07qGcr1pyqKrVogecs,https://api.spotify.com/v1/audio-analysis/6Gen07qGcr1pyqKrVogecs,231920.0,3.0
175,Rapid City,South Dakota,Street Dogs,In Defense of Dorchester,spotify:track:5yKufQqhfr5yQ5HmcqCPTT,20,2005-03-25,0.537,0.981,10.0,-3.707,0.0,0.0985,0.0177,1.1900000000000001e-05,0.391,0.376,95.101,audio_features,5yKufQqhfr5yQ5HmcqCPTT,spotify:track:5yKufQqhfr5yQ5HmcqCPTT,https://api.spotify.com/v1/tracks/5yKufQqhfr5yQ5HmcqCPTT,https://api.spotify.com/v1/audio-analysis/5yKufQqhfr5yQ5HmcqCPTT,151947.0,4.0
176,Rapid City,South Dakota,M.O.P.,Ride,spotify:track:3DqhSvKpL5RXYmbWCrL78e,19,1998-08-11,0.519,0.8809999999999999,1.0,-7.0729999999999995,1.0,0.431,0.0301,3.88e-06,0.361,0.731,171.486,audio_features,3DqhSvKpL5RXYmbWCrL78e,spotify:track:3DqhSvKpL5RXYmbWCrL78e,https://api.spotify.com/v1/tracks/3DqhSvKpL5RXYmbWCrL78e,https://api.spotify.com/v1/audio-analysis/3DqhSvKpL5RXYmbWCrL78e,282733.0,4.0
177,Rapid City,South Dakota,DJ Jazzy Jeff,A Charmed Life,spotify:track:5atuKyVWpdFe4YcLZ5ndog,12,2002-08-12,0.768,0.47600000000000003,9.0,-10.021,1.0,0.162,0.419,0.0,0.34299999999999997,0.754,97.17,audio_features,5atuKyVWpdFe4YcLZ5ndog,spotify:track:5atuKyVWpdFe4YcLZ5ndog,https://api.spotify.com/v1/tracks/5atuKyVWpdFe4YcLZ5ndog,https://api.spotify.com/v1/audio-analysis/5atuKyVWpdFe4YcLZ5ndog,256733.0,4.0
178,Rapid City,South Dakota,J-Live,A Charmed Life,spotify:track:6Gen07qGcr1pyqKrVogecs,12,2002-04-02,0.693,0.685,9.0,-4.8,1.0,0.102,0.406,0.0,0.252,0.765,97.331,audio_features,6Gen07qGcr1pyqKrVogecs,spotify:track:6Gen07qGcr1pyqKrVogecs,https://api.spotify.com/v1/tracks/6Gen07qGcr1pyqKrVogecs,https://api.spotify.com/v1/audio-analysis/6Gen07qGcr1pyqKrVogecs,231920.0,3.0
179,Rapid City,South Dakota,Ces Cru,Radiate,spotify:track:1D5brfZycD4P79xfVeyzpN,16,2013-03-26,0.654,0.948,0.0,-4.279,1.0,0.33399999999999996,0.163,0.0,0.354,0.831,83.154,audio_features,1D5brfZycD4P79xfVeyzpN,spotify:track:1D5brfZycD4P79xfVeyzpN,https://api.spotify.com/v1/tracks/1D5brfZycD4P79xfVeyzpN,https://api.spotify.com/v1/audio-analysis/1D5brfZycD4P79xfVeyzpN,232320.0,4.0
180,Rapid City,South Dakota,Ces Cru,When Worlds Collide,spotify:track:6pYUmeHVAzhkZzJ0yvK4sl,36,2013-03-26,0.622,0.8009999999999999,4.0,-7.587000000000001,0.0,0.402,0.228,0.0,0.49,0.519,82.287,audio_features,6pYUmeHVAzhkZzJ0yvK4sl,spotify:track:6pYUmeHVAzhkZzJ0yvK4sl,https://api.spotify.com/v1/tracks/6pYUmeHVAzhkZzJ0yvK4sl,https://api.spotify.com/v1/audio-analysis/6pYUmeHVAzhkZzJ0yvK4sl,255160.0,4.0
181,Rapid City,South Dakota,Wrekonize,Neon Skies,spotify:track:7BhzvVipFi2E4CevitIFM8,23,2013-06-25,0.735,0.755,1.0,-6.101,1.0,0.0695,0.00588,0.0,0.371,0.6829999999999999,158.002,audio_features,7BhzvVipFi2E4CevitIFM8,spotify:track:7BhzvVipFi2E4CevitIFM8,https://api.spotify.com/v1/tracks/7BhzvVipFi2E4CevitIFM8,https://api.spotify.com/v1/audio-analysis/7BhzvVipFi2E4CevitIFM8,221840.0,4.0
182,Rapid City,South Dakota,Sea Wolf,"White Water, White Bloom",spotify:track:3C8PLzfuail2JpVlw5neCW,23,2009-09-22,0.5479999999999999,0.693,5.0,-6.724,1.0,0.0274,0.0244,0.0474,0.10400000000000001,0.37799999999999995,127.906,audio_features,3C8PLzfuail2JpVlw5neCW,spotify:track:3C8PLzfuail2JpVlw5neCW,https://api.spotify.com/v1/tracks/3C8PLzfuail2JpVlw5neCW,https://api.spotify.com/v1/audio-analysis/3C8PLzfuail2JpVlw5neCW,265493.0,4.0
183,Rapid City,South Dakota,Sea Wolf,"White Water, White Bloom",spotify:track:3C8PLzfuail2JpVlw5neCW,23,2009-09-22,0.5479999999999999,0.693,5.0,-6.724,1.0,0.0274,0.0244,0.0474,0.10400000000000001,0.37799999999999995,127.906,audio_features,3C8PLzfuail2JpVlw5neCW,spotify:track:3C8PLzfuail2JpVlw5neCW,https://api.spotify.com/v1/tracks/3C8PLzfuail2JpVlw5neCW,https://api.spotify.com/v1/audio-analysis/3C8PLzfuail2JpVlw5neCW,265493.0,4.0
184,Rapid City,South Dakota,Ryn Weaver,Runaway,spotify:track:6a9xC2DBEMDcfwjuHioMFO,28,2015-06-02,0.612,0.672,1.0,-7.996,1.0,0.0589,0.0643,0.04,0.268,0.0486,123.06,audio_features,6a9xC2DBEMDcfwjuHioMFO,spotify:track:6a9xC2DBEMDcfwjuHioMFO,https://api.spotify.com/v1/tracks/6a9xC2DBEMDcfwjuHioMFO,https://api.spotify.com/v1/audio-analysis/6a9xC2DBEMDcfwjuHioMFO,244253.0,4.0
185,Rapid City,South Dakota,Dan Reed Network,World Has a Heart Too,spotify:track:6BwibPoVqIK1RkQAJ4rbFJ,3,1988-01-01,0.7709999999999999,0.747,8.0,-15.831,1.0,0.0615,0.585,2.08e-05,0.35100000000000003,0.275,114.868,audio_features,6BwibPoVqIK1RkQAJ4rbFJ,spotify:track:6BwibPoVqIK1RkQAJ4rbFJ,https://api.spotify.com/v1/tracks/6BwibPoVqIK1RkQAJ4rbFJ,https://api.spotify.com/v1/audio-analysis/6BwibPoVqIK1RkQAJ4rbFJ,77267.0,4.0
186,Rapid City,South Dakota,Pacewon,You,spotify:track:6Z9syPcYlnUvpMgmjQydIG,55,2011-10-25,0.358,0.94,7.0,-4.274,0.0,0.16399999999999998,0.0217,0.007790000000000001,0.0851,0.49700000000000005,90.23299999999999,audio_features,6Z9syPcYlnUvpMgmjQydIG,spotify:track:6Z9syPcYlnUvpMgmjQydIG,https://api.spotify.com/v1/tracks/6Z9syPcYlnUvpMgmjQydIG,https://api.spotify.com/v1/audio-analysis/6Z9syPcYlnUvpMgmjQydIG,218293.0,4.0
187,Rapid City,South Dakota,Conway the Machine,Fentanyl,spotify:track:4UsfXsWMLWZ1USBIJQTFPf,30,2019-01-03,0.426,0.647,10.0,-8.546,0.0,0.484,0.382,0.0,0.43,0.773,77.226,audio_features,4UsfXsWMLWZ1USBIJQTFPf,spotify:track:4UsfXsWMLWZ1USBIJQTFPf,https://api.spotify.com/v1/tracks/4UsfXsWMLWZ1USBIJQTFPf,https://api.spotify.com/v1/audio-analysis/4UsfXsWMLWZ1USBIJQTFPf,163056.0,4.0
188,Rapid City,South Dakota,"Fntxy, Alemn, Yung Sarria",Lo Paqui,spotify:track:4zZbkwTv36shTzGKt2wQXB,43,2019-04-20,0.887,0.557,10.0,-8.735,0.0,0.172,0.0699,6.15e-06,0.10400000000000001,0.64,85.006,audio_features,4zZbkwTv36shTzGKt2wQXB,spotify:track:4zZbkwTv36shTzGKt2wQXB,https://api.spotify.com/v1/tracks/4zZbkwTv36shTzGKt2wQXB,https://api.spotify.com/v1/audio-analysis/4zZbkwTv36shTzGKt2wQXB,189500.0,4.0
189,Rapid City,South Dakota,Andre Nickatina,Tears of a Clown,spotify:track:08J8HzioRU6OlQxfl0MATm,32,1999-05-18,0.7709999999999999,0.5870000000000001,2.0,-9.54,1.0,0.0518,0.868,0.0,0.172,0.41100000000000003,93.979,audio_features,08J8HzioRU6OlQxfl0MATm,spotify:track:08J8HzioRU6OlQxfl0MATm,https://api.spotify.com/v1/tracks/08J8HzioRU6OlQxfl0MATm,https://api.spotify.com/v1/audio-analysis/08J8HzioRU6OlQxfl0MATm,223947.0,4.0
190,Rapid City,South Dakota,Andre Nickatina,Oh God,spotify:track:1KbmntKKC1BiqVGV61aw8c,10,2006-12-12,0.8170000000000001,0.8590000000000001,5.0,-5.062,1.0,0.0788,0.405,0.00271,0.109,0.235,96.023,audio_features,1KbmntKKC1BiqVGV61aw8c,spotify:track:1KbmntKKC1BiqVGV61aw8c,https://api.spotify.com/v1/tracks/1KbmntKKC1BiqVGV61aw8c,https://api.spotify.com/v1/audio-analysis/1KbmntKKC1BiqVGV61aw8c,176827.0,4.0
191,Rapid City,South Dakota,Braille,Goliath,spotify:track:2H43UNcuEerhlD0Ipvq3GW,5,2004-01-01,0.607,0.9390000000000001,1.0,-5.195,1.0,0.36,0.0111,0.0,0.1,0.728,93.225,audio_features,2H43UNcuEerhlD0Ipvq3GW,spotify:track:2H43UNcuEerhlD0Ipvq3GW,https://api.spotify.com/v1/tracks/2H43UNcuEerhlD0Ipvq3GW,https://api.spotify.com/v1/audio-analysis/2H43UNcuEerhlD0Ipvq3GW,215920.0,4.0
192,Rapid City,South Dakota,Virgin Steele,Green Dusk Blues,spotify:track:0wWSemsaTVGywbhEEohxMG,6,2018-11-23,0.5489999999999999,0.9079999999999999,2.0,-4.199,1.0,0.0435,0.154,4.27e-06,0.157,0.40700000000000003,117.02,audio_features,0wWSemsaTVGywbhEEohxMG,spotify:track:0wWSemsaTVGywbhEEohxMG,https://api.spotify.com/v1/tracks/0wWSemsaTVGywbhEEohxMG,https://api.spotify.com/v1/audio-analysis/0wWSemsaTVGywbhEEohxMG,462467.0,4.0
193,Aberdeen,South Dakota,Bukka White,Aberdeen Mississippi Blues,spotify:track:7E25omG6JvGlMnfkJdzLwP,23,1970-08-24,0.605,0.183,8.0,-14.216,1.0,0.0374,0.903,0.156,0.0953,0.602,105.182,audio_features,7E25omG6JvGlMnfkJdzLwP,spotify:track:7E25omG6JvGlMnfkJdzLwP,https://api.spotify.com/v1/tracks/7E25omG6JvGlMnfkJdzLwP,https://api.spotify.com/v1/audio-analysis/7E25omG6JvGlMnfkJdzLwP,155973.0,4.0
194,Aberdeen,South Dakota,Bukka White,Aberdeen Mississippi Blues,spotify:track:7E25omG6JvGlMnfkJdzLwP,23,1970-08-24,0.605,0.183,8.0,-14.216,1.0,0.0374,0.903,0.156,0.0953,0.602,105.182,audio_features,7E25omG6JvGlMnfkJdzLwP,spotify:track:7E25omG6JvGlMnfkJdzLwP,https://api.spotify.com/v1/tracks/7E25omG6JvGlMnfkJdzLwP,https://api.spotify.com/v1/audio-analysis/7E25omG6JvGlMnfkJdzLwP,155973.0,4.0
195,Aberdeen,South Dakota,Jonas Alaska,Aberdeen,spotify:track:33r5Stp3rI3lpl3jglIE2g,13,2011-09-16,0.6779999999999999,0.32,1.0,-13.42,0.0,0.026000000000000002,0.6759999999999999,0.0209,0.16399999999999998,0.16699999999999998,99.919,audio_features,33r5Stp3rI3lpl3jglIE2g,spotify:track:33r5Stp3rI3lpl3jglIE2g,https://api.spotify.com/v1/tracks/33r5Stp3rI3lpl3jglIE2g,https://api.spotify.com/v1/audio-analysis/33r5Stp3rI3lpl3jglIE2g,249819.0,4.0
196,Aberdeen,South Dakota,Pearl Jam,Arms Aloft,spotify:track:4Rw3jV02Oc2zYzTKeCDCG3,20,2011-01-18,0.28300000000000003,0.9520000000000001,0.0,-6.2989999999999995,1.0,0.0613,0.0248,0.00385,0.975,0.7290000000000001,154.269,audio_features,4Rw3jV02Oc2zYzTKeCDCG3,spotify:track:4Rw3jV02Oc2zYzTKeCDCG3,https://api.spotify.com/v1/tracks/4Rw3jV02Oc2zYzTKeCDCG3,https://api.spotify.com/v1/audio-analysis/4Rw3jV02Oc2zYzTKeCDCG3,207693.0,4.0
197,Aberdeen,South Dakota,Kenny Wayne Shepherd,Aberdeen,spotify:track:6hnsgL0pFkkMR5GKYWXCA6,40,1995-09-15,0.341,0.917,10.0,-9.897,1.0,0.0621,0.00223,0.138,0.43799999999999994,0.358,124.49700000000001,audio_features,6hnsgL0pFkkMR5GKYWXCA6,spotify:track:6hnsgL0pFkkMR5GKYWXCA6,https://api.spotify.com/v1/tracks/6hnsgL0pFkkMR5GKYWXCA6,https://api.spotify.com/v1/audio-analysis/6hnsgL0pFkkMR5GKYWXCA6,255907.0,4.0
198,Aberdeen,South Dakota,Rose-Maries,Jolly Bob,spotify:track:6L7JVQFf51tl1nEQ7q4tTA,2,1994-01-01,0.518,0.46399999999999997,11.0,-14.29,1.0,0.0438,0.249,0.0,0.233,0.9159999999999999,165.321,audio_features,6L7JVQFf51tl1nEQ7q4tTA,spotify:track:6L7JVQFf51tl1nEQ7q4tTA,https://api.spotify.com/v1/tracks/6L7JVQFf51tl1nEQ7q4tTA,https://api.spotify.com/v1/audio-analysis/6L7JVQFf51tl1nEQ7q4tTA,195923.0,4.0
199,Aberdeen,South Dakota,Joe Strummer,Arms Aloft,spotify:track:4nQ36HROfZY6ed45fjgceP,27,2003-10-21,0.63,0.7859999999999999,5.0,-5.364,1.0,0.0619,0.000942,7.77e-05,0.0843,0.57,140.0,audio_features,4nQ36HROfZY6ed45fjgceP,spotify:track:4nQ36HROfZY6ed45fjgceP,https://api.spotify.com/v1/tracks/4nQ36HROfZY6ed45fjgceP,https://api.spotify.com/v1/audio-analysis/4nQ36HROfZY6ed45fjgceP,227640.0,4.0
200,Aberdeen,South Dakota,Cage the Elephant,Aberdeen [Unpeeled],spotify:track:6z3RIjrBz6d2tVPYZ9rikZ,39,2017-07-28,0.52,0.8370000000000001,0.0,-5.877000000000001,1.0,0.0461,0.000833,0.00044,0.373,0.516,111.715,audio_features,6z3RIjrBz6d2tVPYZ9rikZ,spotify:track:6z3RIjrBz6d2tVPYZ9rikZ,https://api.spotify.com/v1/tracks/6z3RIjrBz6d2tVPYZ9rikZ,https://api.spotify.com/v1/audio-analysis/6z3RIjrBz6d2tVPYZ9rikZ,173840.0,4.0
201,Aberdeen,South Dakota,Cage the Elephant,Aberdeen,spotify:track:3L8sfv4Fb8pONhiMA4nAKJ,54,2011-01-10,0.154,0.972,7.0,-3.6260000000000003,1.0,0.111,0.0009130000000000001,0.247,0.368,0.213,205.467,audio_features,3L8sfv4Fb8pONhiMA4nAKJ,spotify:track:3L8sfv4Fb8pONhiMA4nAKJ,https://api.spotify.com/v1/tracks/3L8sfv4Fb8pONhiMA4nAKJ,https://api.spotify.com/v1/audio-analysis/3L8sfv4Fb8pONhiMA4nAKJ,192920.0,4.0
202,Aberdeen,South Dakota,Las Pelotas,La Vaca y el Bife,spotify:track:5w30Nqjq41I6hswG1fWg89,23,1991-07-01,0.452,0.86,9.0,-11.478,1.0,0.0409,0.0068,0.0395,0.273,0.631,137.222,audio_features,5w30Nqjq41I6hswG1fWg89,spotify:track:5w30Nqjq41I6hswG1fWg89,https://api.spotify.com/v1/tracks/5w30Nqjq41I6hswG1fWg89,https://api.spotify.com/v1/audio-analysis/5w30Nqjq41I6hswG1fWg89,147893.0,4.0
203,Aberdeen,South Dakota,The Associates,White Car in Germany,spotify:track:2xcy4i0fIJ1Q4GadcLsSu9,14,1981-10-01,0.623,0.436,7.0,-6.977,1.0,0.0294,0.11900000000000001,0.00262,0.0988,0.336,92.294,audio_features,2xcy4i0fIJ1Q4GadcLsSu9,spotify:track:2xcy4i0fIJ1Q4GadcLsSu9,https://api.spotify.com/v1/tracks/2xcy4i0fIJ1Q4GadcLsSu9,https://api.spotify.com/v1/audio-analysis/2xcy4i0fIJ1Q4GadcLsSu9,331440.0,4.0
204,Aberdeen,South Dakota,Damien Jurado,Shannon Rhodes,spotify:track:21bEckUf2APJ1UZTFzcDqs,9,2006-10-10,0.597,0.161,3.0,-14.297,1.0,0.033,0.9390000000000001,0.344,0.11199999999999999,0.228,97.325,audio_features,21bEckUf2APJ1UZTFzcDqs,spotify:track:21bEckUf2APJ1UZTFzcDqs,https://api.spotify.com/v1/tracks/21bEckUf2APJ1UZTFzcDqs,https://api.spotify.com/v1/audio-analysis/21bEckUf2APJ1UZTFzcDqs,310427.0,4.0
205,Aberdeen,South Dakota,Ellis Paul,Eighteen,spotify:track:68E4JgcyYdmsrbSQH8uWNz,5,2006-10-10,0.48,0.516,7.0,-7.5920000000000005,1.0,0.033,0.342,0.00011499999999999999,0.17,0.275,82.735,audio_features,68E4JgcyYdmsrbSQH8uWNz,spotify:track:68E4JgcyYdmsrbSQH8uWNz,https://api.spotify.com/v1/tracks/68E4JgcyYdmsrbSQH8uWNz,https://api.spotify.com/v1/audio-analysis/68E4JgcyYdmsrbSQH8uWNz,266360.0,4.0
206,Aberdeen,South Dakota,Ari Hest,Aberdeen,spotify:track:4TXHS1Zatb4teTDmxIbEUy,11,2016-06-03,0.64,0.603,5.0,-7.7860000000000005,0.0,0.0272,0.42100000000000004,0.0,0.14800000000000002,0.62,124.524,audio_features,4TXHS1Zatb4teTDmxIbEUy,spotify:track:4TXHS1Zatb4teTDmxIbEUy,https://api.spotify.com/v1/tracks/4TXHS1Zatb4teTDmxIbEUy,https://api.spotify.com/v1/audio-analysis/4TXHS1Zatb4teTDmxIbEUy,278875.0,4.0
207,Aberdeen,South Dakota,The Kingston Trio,Bonny Hielan' Laddie,spotify:track:4SHda4zxxhiH6jDIuWA67f,4,1961-01-30,0.644,0.42100000000000004,8.0,-11.462,0.0,0.03,0.794,0.0,0.0963,0.8390000000000001,92.20100000000001,audio_features,4SHda4zxxhiH6jDIuWA67f,spotify:track:4SHda4zxxhiH6jDIuWA67f,https://api.spotify.com/v1/tracks/4SHda4zxxhiH6jDIuWA67f,https://api.spotify.com/v1/audio-analysis/4SHda4zxxhiH6jDIuWA67f,168133.0,4.0
208,Aberdeen,South Dakota,The Andrews Sisters,(I'm Getting) Corns for My Country,spotify:track:7xLvZaBbKWUfztcTS8Gqlo,0,2013-07-20,0.649,0.204,5.0,-12.013,1.0,0.19399999999999998,0.91,0.0,0.10099999999999999,0.516,97.29799999999999,audio_features,7xLvZaBbKWUfztcTS8Gqlo,spotify:track:7xLvZaBbKWUfztcTS8Gqlo,https://api.spotify.com/v1/tracks/7xLvZaBbKWUfztcTS8Gqlo,https://api.spotify.com/v1/audio-analysis/7xLvZaBbKWUfztcTS8Gqlo,210480.0,4.0
209,Aberdeen,South Dakota,Bob Dylan,Highlands,spotify:track:1KeOceXRwh3e7qHa00jszs,33,1997-09-30,0.585,0.36700000000000005,9.0,-12.967,1.0,0.0372,0.79,3.09e-06,0.212,0.32299999999999995,122.00200000000001,audio_features,1KeOceXRwh3e7qHa00jszs,spotify:track:1KeOceXRwh3e7qHa00jszs,https://api.spotify.com/v1/tracks/1KeOceXRwh3e7qHa00jszs,https://api.spotify.com/v1/audio-analysis/1KeOceXRwh3e7qHa00jszs,991467.0,4.0
210,Aberdeen,South Dakota,The Kingston Trio,Bonny Hielan' Laddie,spotify:track:4SHda4zxxhiH6jDIuWA67f,4,1961-01-30,0.644,0.42100000000000004,8.0,-11.462,0.0,0.03,0.794,0.0,0.0963,0.8390000000000001,92.20100000000001,audio_features,4SHda4zxxhiH6jDIuWA67f,spotify:track:4SHda4zxxhiH6jDIuWA67f,https://api.spotify.com/v1/tracks/4SHda4zxxhiH6jDIuWA67f,https://api.spotify.com/v1/audio-analysis/4SHda4zxxhiH6jDIuWA67f,168133.0,4.0
211,Aberdeen,South Dakota,The Andrews Sisters,Corns For My Country,spotify:track:4vjro3t87ydxhlQ9uqf8o0,20,2020-05-18,0.5670000000000001,0.442,5.0,-7.669,1.0,0.254,0.927,1.51e-06,0.215,0.7959999999999999,172.922,audio_features,4vjro3t87ydxhlQ9uqf8o0,spotify:track:4vjro3t87ydxhlQ9uqf8o0,https://api.spotify.com/v1/tracks/4vjro3t87ydxhlQ9uqf8o0,https://api.spotify.com/v1/audio-analysis/4vjro3t87ydxhlQ9uqf8o0,168373.0,4.0
212,Aberdeen,South Dakota,Charlie Daniels,Let Freedom Ring,spotify:track:4TDTYHtRQScCQu8e3b0Z86,18,1991-04-23,0.563,0.48,9.0,-13.032,1.0,0.043,0.111,0.0,0.12300000000000001,0.38,92.135,audio_features,4TDTYHtRQScCQu8e3b0Z86,spotify:track:4TDTYHtRQScCQu8e3b0Z86,https://api.spotify.com/v1/tracks/4TDTYHtRQScCQu8e3b0Z86,https://api.spotify.com/v1/audio-analysis/4TDTYHtRQScCQu8e3b0Z86,301333.0,4.0
213,Aberdeen,South Dakota,Jethro Tull,North Sea Oil,spotify:track:2ypIrQFHSW1oCIUan5EQlD,29,2020-04-03,0.633,0.687,5.0,-11.989,1.0,0.0385,0.0586,5.5e-06,0.185,0.937,144.858,audio_features,2ypIrQFHSW1oCIUan5EQlD,spotify:track:2ypIrQFHSW1oCIUan5EQlD,https://api.spotify.com/v1/tracks/2ypIrQFHSW1oCIUan5EQlD,https://api.spotify.com/v1/audio-analysis/2ypIrQFHSW1oCIUan5EQlD,191213.0,5.0
214,Aberdeen,South Dakota,Rod Stewart,Ole Ola,spotify:track:1oOsZI1wFsihhpilAn5bj3,6,1989-01-01,0.39799999999999996,0.434,7.0,-14.477,1.0,0.0584,0.585,0.0,0.948,0.243,129.766,audio_features,1oOsZI1wFsihhpilAn5bj3,spotify:track:1oOsZI1wFsihhpilAn5bj3,https://api.spotify.com/v1/tracks/1oOsZI1wFsihhpilAn5bj3,https://api.spotify.com/v1/audio-analysis/1oOsZI1wFsihhpilAn5bj3,759627.0,4.0
215,Aberdeen,South Dakota,Taj Mahal,Don't Leave Me Here,spotify:track:1pDwZmpFoPyPTApIgCLwHS,41,2017-05-05,0.7879999999999999,0.789,7.0,-6.836,1.0,0.0371,0.0248,0.00611,0.11800000000000001,0.784,95.02799999999999,audio_features,1pDwZmpFoPyPTApIgCLwHS,spotify:track:1pDwZmpFoPyPTApIgCLwHS,https://api.spotify.com/v1/tracks/1pDwZmpFoPyPTApIgCLwHS,https://api.spotify.com/v1/audio-analysis/1pDwZmpFoPyPTApIgCLwHS,301373.0,4.0
216,Aberdeen,South Dakota,Fairport Convention,Sir Patrick Spens,spotify:track:2y1N4Rn63f34GdDj4hIOoP,18,1969-12-01,0.473,0.42,7.0,-13.442,1.0,0.0351,0.823,0.107,0.161,0.685,75.08,audio_features,2y1N4Rn63f34GdDj4hIOoP,spotify:track:2y1N4Rn63f34GdDj4hIOoP,https://api.spotify.com/v1/tracks/2y1N4Rn63f34GdDj4hIOoP,https://api.spotify.com/v1/audio-analysis/2y1N4Rn63f34GdDj4hIOoP,240213.0,4.0
217,Aberdeen,South Dakota,Fairport Convention,Sir Patrick Spens,spotify:track:2y1N4Rn63f34GdDj4hIOoP,18,1969-12-01,0.473,0.42,7.0,-13.442,1.0,0.0351,0.823,0.107,0.161,0.685,75.08,audio_features,2y1N4Rn63f34GdDj4hIOoP,spotify:track:2y1N4Rn63f34GdDj4hIOoP,https://api.spotify.com/v1/tracks/2y1N4Rn63f34GdDj4hIOoP,https://api.spotify.com/v1/audio-analysis/2y1N4Rn63f34GdDj4hIOoP,240213.0,4.0
218,Aberdeen,South Dakota,Randy Travis,Roamin' Wyomin',spotify:track:0Nl2b9cK3YGn6PTAIjphx9,10,1993-08-17,0.59,0.48,10.0,-11.988,1.0,0.0429,0.313,1.0199999999999999e-05,0.0852,0.767,175.42700000000002,audio_features,0Nl2b9cK3YGn6PTAIjphx9,spotify:track:0Nl2b9cK3YGn6PTAIjphx9,https://api.spotify.com/v1/tracks/0Nl2b9cK3YGn6PTAIjphx9,https://api.spotify.com/v1/audio-analysis/0Nl2b9cK3YGn6PTAIjphx9,152427.0,4.0
219,Aberdeen,South Dakota,Fairport Convention,Sir Patrick Spens,spotify:track:2y1N4Rn63f34GdDj4hIOoP,18,1969-12-01,0.473,0.42,7.0,-13.442,1.0,0.0351,0.823,0.107,0.161,0.685,75.08,audio_features,2y1N4Rn63f34GdDj4hIOoP,spotify:track:2y1N4Rn63f34GdDj4hIOoP,https://api.spotify.com/v1/tracks/2y1N4Rn63f34GdDj4hIOoP,https://api.spotify.com/v1/audio-analysis/2y1N4Rn63f34GdDj4hIOoP,240213.0,4.0
220,Aberdeen,South Dakota,Darius Rucker,Shine,spotify:track:6UwbXw6m8fJKunpx9Rq9vM,34,2013-01-01,0.603,0.7609999999999999,7.0,-6.454,1.0,0.0309,0.0652,0.0,0.091,0.741,80.97,audio_features,6UwbXw6m8fJKunpx9Rq9vM,spotify:track:6UwbXw6m8fJKunpx9Rq9vM,https://api.spotify.com/v1/tracks/6UwbXw6m8fJKunpx9Rq9vM,https://api.spotify.com/v1/audio-analysis/6UwbXw6m8fJKunpx9Rq9vM,251973.0,4.0
221,Aberdeen,South Dakota,The Charlatans UK,The Misbegotten,spotify:track:3O0by5IuVUskUNtDeODZbp,12,2008-05-12,0.511,0.888,0.0,-4.683,1.0,0.0307,5.05e-05,0.0599,0.40399999999999997,0.376,135.998,audio_features,3O0by5IuVUskUNtDeODZbp,spotify:track:3O0by5IuVUskUNtDeODZbp,https://api.spotify.com/v1/tracks/3O0by5IuVUskUNtDeODZbp,https://api.spotify.com/v1/audio-analysis/3O0by5IuVUskUNtDeODZbp,251747.0,4.0
222,Aberdeen,South Dakota,Buzzcocks,Trash Away,spotify:track:4P2LbTqBp0ZZ6ThH8gN7o1,1,1991-01-01,0.34299999999999997,0.894,0.0,-8.627,1.0,0.0744,0.163,0.82,0.612,0.42700000000000005,133.711,audio_features,4P2LbTqBp0ZZ6ThH8gN7o1,spotify:track:4P2LbTqBp0ZZ6ThH8gN7o1,https://api.spotify.com/v1/tracks/4P2LbTqBp0ZZ6ThH8gN7o1,https://api.spotify.com/v1/audio-analysis/4P2LbTqBp0ZZ6ThH8gN7o1,186467.0,4.0
223,Aberdeen,South Dakota,Pixies,Catfish Kate,spotify:track:2A6HCBN8tKnScxJc6uiarM,44,2019-08-06,0.526,0.9,2.0,-6.254,1.0,0.0558,0.0015400000000000001,0.0,0.41200000000000003,0.55,134.982,audio_features,2A6HCBN8tKnScxJc6uiarM,spotify:track:2A6HCBN8tKnScxJc6uiarM,https://api.spotify.com/v1/tracks/2A6HCBN8tKnScxJc6uiarM,https://api.spotify.com/v1/audio-analysis/2A6HCBN8tKnScxJc6uiarM,188307.0,4.0
224,Aberdeen,South Dakota,Jon Hopkins,John Taylor's Month Away,spotify:track:4kobehcjjfIsU5xKSJrJMx,22,2011-05-24,0.45,0.298,0.0,-16.916,1.0,0.031,0.763,0.155,0.10300000000000001,0.0858,94.931,audio_features,4kobehcjjfIsU5xKSJrJMx,spotify:track:4kobehcjjfIsU5xKSJrJMx,https://api.spotify.com/v1/tracks/4kobehcjjfIsU5xKSJrJMx,https://api.spotify.com/v1/audio-analysis/4kobehcjjfIsU5xKSJrJMx,391800.0,4.0
225,Aberdeen,South Dakota,Ray LaMontagne,Julia,spotify:track:5ifWm06qGqkzZQnWXUBvr5,26,2014-04-25,0.5479999999999999,0.78,7.0,-6.449,1.0,0.0292,0.0474,0.0539,0.17800000000000002,0.775,133.046,audio_features,5ifWm06qGqkzZQnWXUBvr5,spotify:track:5ifWm06qGqkzZQnWXUBvr5,https://api.spotify.com/v1/tracks/5ifWm06qGqkzZQnWXUBvr5,https://api.spotify.com/v1/audio-analysis/5ifWm06qGqkzZQnWXUBvr5,201413.0,4.0
227,Aberdeen,South Dakota,Andy M. Stewart,The Haughs of Cromdale,spotify:track:2V8mS8RFOM8hBfWcorOH3i,14,2006-03-15,0.498,0.484,2.0,-13.684000000000001,0.0,0.0595,0.163,0.0,0.0947,0.11,93.868,audio_features,2V8mS8RFOM8hBfWcorOH3i,spotify:track:2V8mS8RFOM8hBfWcorOH3i,https://api.spotify.com/v1/tracks/2V8mS8RFOM8hBfWcorOH3i,https://api.spotify.com/v1/audio-analysis/2V8mS8RFOM8hBfWcorOH3i,222733.0,4.0
228,Aberdeen,South Dakota,Kaizers Orchestra,Hevnervals,spotify:track:6DEYRym1PY06R3a0wkgp0H,18,2003-01-29,0.355,0.853,11.0,-5.962999999999999,0.0,0.0854,0.273,2.35e-05,0.243,0.473,136.955,audio_features,6DEYRym1PY06R3a0wkgp0H,spotify:track:6DEYRym1PY06R3a0wkgp0H,https://api.spotify.com/v1/tracks/6DEYRym1PY06R3a0wkgp0H,https://api.spotify.com/v1/audio-analysis/6DEYRym1PY06R3a0wkgp0H,170501.0,4.0
229,Aberdeen,South Dakota,Mary Gauthier,Please,spotify:track:5t65jUWzdsLFU0vyttWawD,15,2007-01-01,0.53,0.43700000000000006,0.0,-9.225,1.0,0.027999999999999997,0.8909999999999999,0.000218,0.109,0.39299999999999996,97.546,audio_features,5t65jUWzdsLFU0vyttWawD,spotify:track:5t65jUWzdsLFU0vyttWawD,https://api.spotify.com/v1/tracks/5t65jUWzdsLFU0vyttWawD,https://api.spotify.com/v1/audio-analysis/5t65jUWzdsLFU0vyttWawD,303613.0,4.0
230,Aberdeen,South Dakota,Cracker,Maggie,spotify:track:1iieAoBXbO5r3zcqRFkj7j,12,2006-07-05,0.363,0.7290000000000001,9.0,-7.881,1.0,0.033,7.48e-05,0.0858,0.185,0.733,183.59400000000002,audio_features,1iieAoBXbO5r3zcqRFkj7j,spotify:track:1iieAoBXbO5r3zcqRFkj7j,https://api.spotify.com/v1/tracks/1iieAoBXbO5r3zcqRFkj7j,https://api.spotify.com/v1/audio-analysis/1iieAoBXbO5r3zcqRFkj7j,223133.0,4.0
231,Aberdeen,South Dakota,Fountains of Wayne,I-95,spotify:track:2mxVcdcGIBCVjBtIgOa42q,26,2007-01-01,0.47600000000000003,0.601,2.0,-6.468,1.0,0.0275,0.10800000000000001,0.0,0.34600000000000003,0.33,78.958,audio_features,2mxVcdcGIBCVjBtIgOa42q,spotify:track:2mxVcdcGIBCVjBtIgOa42q,https://api.spotify.com/v1/tracks/2mxVcdcGIBCVjBtIgOa42q,https://api.spotify.com/v1/audio-analysis/2mxVcdcGIBCVjBtIgOa42q,188267.0,4.0
232,Aberdeen,South Dakota,Fish,Lucky,spotify:track:2FRsZLQcMShPfR6IU2pnhD,37,1975,0.664,0.509,4.0,-8.148,0.0,0.0415,0.647,0.0948,0.0742,0.618,78.456,audio_features,2FRsZLQcMShPfR6IU2pnhD,spotify:track:2FRsZLQcMShPfR6IU2pnhD,https://api.spotify.com/v1/tracks/2FRsZLQcMShPfR6IU2pnhD,https://api.spotify.com/v1/audio-analysis/2FRsZLQcMShPfR6IU2pnhD,414200.0,3.0
233,Aberdeen,South Dakota,The Hold Steady,Yeah Sapphire,spotify:track:6mtiU3KOoR4Kbr8oTeNmMq,23,2008-06-17,0.242,0.9590000000000001,9.0,-3.8739999999999997,1.0,0.132,0.055,0.12300000000000001,0.17800000000000002,0.336,143.72899999999998,audio_features,6mtiU3KOoR4Kbr8oTeNmMq,spotify:track:6mtiU3KOoR4Kbr8oTeNmMq,https://api.spotify.com/v1/tracks/6mtiU3KOoR4Kbr8oTeNmMq,https://api.spotify.com/v1/audio-analysis/6mtiU3KOoR4Kbr8oTeNmMq,216520.0,4.0
235,Aberdeen,South Dakota,Terre-Neuve,Deriva,spotify:track:4Ai97HOkN1yxctLuh7GEfq,4,2020-05-08,0.385,0.698,8.0,-6.562,1.0,0.035,0.0035,0.00215,0.115,0.159,93.791,audio_features,4Ai97HOkN1yxctLuh7GEfq,spotify:track:4Ai97HOkN1yxctLuh7GEfq,https://api.spotify.com/v1/tracks/4Ai97HOkN1yxctLuh7GEfq,https://api.spotify.com/v1/audio-analysis/4Ai97HOkN1yxctLuh7GEfq,258368.0,4.0
237,Aberdeen,South Dakota,Andy Bown,Ruby and Roy,spotify:track:1B1Oqy2gSozRIrHEBofBIj,1,2011-09-05,0.556,0.9109999999999999,11.0,-3.466,0.0,0.0429,0.115,0.000175,0.127,0.688,151.884,audio_features,1B1Oqy2gSozRIrHEBofBIj,spotify:track:1B1Oqy2gSozRIrHEBofBIj,https://api.spotify.com/v1/tracks/1B1Oqy2gSozRIrHEBofBIj,https://api.spotify.com/v1/audio-analysis/1B1Oqy2gSozRIrHEBofBIj,234640.0,4.0
238,Aberdeen,South Dakota,Cock Sparrer,Get a Rope,spotify:track:3aMaC5n8xXsEcqtxzX2Hin,29,1994-10-10,0.575,0.767,9.0,-5.431,1.0,0.0344,0.136,5.16e-05,0.106,0.821,155.955,audio_features,3aMaC5n8xXsEcqtxzX2Hin,spotify:track:3aMaC5n8xXsEcqtxzX2Hin,https://api.spotify.com/v1/tracks/3aMaC5n8xXsEcqtxzX2Hin,https://api.spotify.com/v1/audio-analysis/3aMaC5n8xXsEcqtxzX2Hin,193920.0,4.0
239,Aberdeen,South Dakota,Laura Cantrell,Kitty Wells Dresses,spotify:track:5DLm9ptHW07Ycn7BxjYPpw,2,2011-05-17,0.616,0.33,0.0,-9.706,1.0,0.0271,0.0983,0.0,0.08199999999999999,0.5710000000000001,127.96700000000001,audio_features,5DLm9ptHW07Ycn7BxjYPpw,spotify:track:5DLm9ptHW07Ycn7BxjYPpw,https://api.spotify.com/v1/tracks/5DLm9ptHW07Ycn7BxjYPpw,https://api.spotify.com/v1/audio-analysis/5DLm9ptHW07Ycn7BxjYPpw,206093.0,4.0
240,Aberdeen,South Dakota,Fred Eaglesmith,Milly's Cafe,spotify:track:1QVHZBzXnMi639iyd97xiY,20,2011-01-25,0.58,0.364,7.0,-9.986,1.0,0.0273,0.6970000000000001,0.00867,0.182,0.314,134.526,audio_features,1QVHZBzXnMi639iyd97xiY,spotify:track:1QVHZBzXnMi639iyd97xiY,https://api.spotify.com/v1/tracks/1QVHZBzXnMi639iyd97xiY,https://api.spotify.com/v1/audio-analysis/1QVHZBzXnMi639iyd97xiY,301227.0,4.0
241,Aberdeen,South Dakota,Achim Reichel,Aloha Heja He,spotify:track:3AQLL3Waks6LJ9FI8TFHGA,56,1991-01-01,0.6859999999999999,0.735,8.0,-7.063,1.0,0.0332,0.168,8.88e-05,0.44,0.483,110.57700000000001,audio_features,3AQLL3Waks6LJ9FI8TFHGA,spotify:track:3AQLL3Waks6LJ9FI8TFHGA,https://api.spotify.com/v1/tracks/3AQLL3Waks6LJ9FI8TFHGA,https://api.spotify.com/v1/audio-analysis/3AQLL3Waks6LJ9FI8TFHGA,243147.0,4.0
242,Aberdeen,South Dakota,Achim Reichel,Aloha Heja He,spotify:track:3AQLL3Waks6LJ9FI8TFHGA,56,1991-01-01,0.6859999999999999,0.735,8.0,-7.063,1.0,0.0332,0.168,8.88e-05,0.44,0.483,110.57700000000001,audio_features,3AQLL3Waks6LJ9FI8TFHGA,spotify:track:3AQLL3Waks6LJ9FI8TFHGA,https://api.spotify.com/v1/tracks/3AQLL3Waks6LJ9FI8TFHGA,https://api.spotify.com/v1/audio-analysis/3AQLL3Waks6LJ9FI8TFHGA,243147.0,4.0
244,Aberdeen,South Dakota,Anvil,Flying,spotify:track:2mECLURseqnaaKtG3xW8cT,0,2014-12-09,0.16899999999999998,0.8490000000000001,2.0,-4.302,1.0,0.065,0.0013800000000000002,0.129,0.0659,0.257,81.94200000000001,audio_features,2mECLURseqnaaKtG3xW8cT,spotify:track:2mECLURseqnaaKtG3xW8cT,https://api.spotify.com/v1/tracks/2mECLURseqnaaKtG3xW8cT,https://api.spotify.com/v1/audio-analysis/2mECLURseqnaaKtG3xW8cT,345000.0,4.0
245,Aberdeen,South Dakota,Alfie,The Great North Run,spotify:track:6cHp0LU16SZw7cxZdnrcGh,0,2020-01-24,0.40700000000000003,0.262,2.0,-11.905,1.0,0.0421,0.848,1.15e-06,0.105,0.325,74.3,audio_features,6cHp0LU16SZw7cxZdnrcGh,spotify:track:6cHp0LU16SZw7cxZdnrcGh,https://api.spotify.com/v1/tracks/6cHp0LU16SZw7cxZdnrcGh,https://api.spotify.com/v1/audio-analysis/6cHp0LU16SZw7cxZdnrcGh,254000.0,4.0
246,Aberdeen,South Dakota,Manus Lunny,The Haughs of Cromdale,spotify:track:2V8mS8RFOM8hBfWcorOH3i,14,2006-03-15,0.498,0.484,2.0,-13.684000000000001,0.0,0.0595,0.163,0.0,0.0947,0.11,93.868,audio_features,2V8mS8RFOM8hBfWcorOH3i,spotify:track:2V8mS8RFOM8hBfWcorOH3i,https://api.spotify.com/v1/tracks/2V8mS8RFOM8hBfWcorOH3i,https://api.spotify.com/v1/audio-analysis/2V8mS8RFOM8hBfWcorOH3i,222733.0,4.0
247,Aberdeen,South Dakota,Die Partygeier,Aloha Heja He,spotify:track:39fKXH6MU3AQAFHW7VY47w,0,2013-12-15,0.7090000000000001,0.8440000000000001,7.0,-9.507,0.0,0.0311,0.0653,1.32e-05,0.14,0.915,125.06700000000001,audio_features,39fKXH6MU3AQAFHW7VY47w,spotify:track:39fKXH6MU3AQAFHW7VY47w,https://api.spotify.com/v1/tracks/39fKXH6MU3AQAFHW7VY47w,https://api.spotify.com/v1/audio-analysis/39fKXH6MU3AQAFHW7VY47w,242053.0,4.0
248,Aberdeen,South Dakota,Evert Taube,Balladen Om Gustaf Blom,spotify:track:7AJq5pRgGM7PFM0M4oMmm5,8,2020-05-12,0.5760000000000001,0.10800000000000001,0.0,-24.579,1.0,0.0557,0.922,0.0,0.11,0.7390000000000001,105.58,audio_features,7AJq5pRgGM7PFM0M4oMmm5,spotify:track:7AJq5pRgGM7PFM0M4oMmm5,https://api.spotify.com/v1/tracks/7AJq5pRgGM7PFM0M4oMmm5,https://api.spotify.com/v1/audio-analysis/7AJq5pRgGM7PFM0M4oMmm5,211027.0,4.0
249,Brookings,South Dakota,Letters to Cleo,Sister,spotify:track:18H17Ibqfbvb9kYvbeJ1K6,14,1998,0.539,0.903,0.0,-5.332999999999999,1.0,0.0831,0.011000000000000001,0.214,0.185,0.545,121.96,audio_features,18H17Ibqfbvb9kYvbeJ1K6,spotify:track:18H17Ibqfbvb9kYvbeJ1K6,https://api.spotify.com/v1/tracks/18H17Ibqfbvb9kYvbeJ1K6,https://api.spotify.com/v1/audio-analysis/18H17Ibqfbvb9kYvbeJ1K6,266054.0,4.0
250,Watertown,South Dakota,Frank Sinatra,Watertown,spotify:track:6kKbLvA8HT3L0OqdmHTnFX,21,1970-03,0.429,0.285,5.0,-13.183,1.0,0.0274,0.5770000000000001,0.008029999999999999,0.113,0.496,77.59,audio_features,6kKbLvA8HT3L0OqdmHTnFX,spotify:track:6kKbLvA8HT3L0OqdmHTnFX,https://api.spotify.com/v1/tracks/6kKbLvA8HT3L0OqdmHTnFX,https://api.spotify.com/v1/audio-analysis/6kKbLvA8HT3L0OqdmHTnFX,216067.0,4.0
252,Watertown,South Dakota,Sawyer Brown,Thunder Bay,spotify:track:0hE8geOyddqXzEKeg9GHhd,4,1991-01-07,0.511,0.743,9.0,-9.919,1.0,0.035,0.0148,0.00020099999999999998,0.198,0.7559999999999999,160.821,audio_features,0hE8geOyddqXzEKeg9GHhd,spotify:track:0hE8geOyddqXzEKeg9GHhd,https://api.spotify.com/v1/tracks/0hE8geOyddqXzEKeg9GHhd,https://api.spotify.com/v1/audio-analysis/0hE8geOyddqXzEKeg9GHhd,285773.0,4.0
253,Watertown,South Dakota,Cowboy Junkies,"Murder, Tonight, In the Trailer Park",spotify:track:0FYCWX3ONEJCT4AUlOJMng,20,2001-09-10,0.445,0.612,4.0,-11.073,1.0,0.0304,0.0134,0.000436,0.0974,0.526,150.438,audio_features,0FYCWX3ONEJCT4AUlOJMng,spotify:track:0FYCWX3ONEJCT4AUlOJMng,https://api.spotify.com/v1/tracks/0FYCWX3ONEJCT4AUlOJMng,https://api.spotify.com/v1/audio-analysis/0FYCWX3ONEJCT4AUlOJMng,273133.0,4.0
254,Watertown,South Dakota,Cowboy Junkies,"Murrder, Tonight in the Trailer Park",spotify:track:0FYCWX3ONEJCT4AUlOJMng,20,2001-09-10,0.445,0.612,4.0,-11.073,1.0,0.0304,0.0134,0.000436,0.0974,0.526,150.438,audio_features,0FYCWX3ONEJCT4AUlOJMng,spotify:track:0FYCWX3ONEJCT4AUlOJMng,https://api.spotify.com/v1/tracks/0FYCWX3ONEJCT4AUlOJMng,https://api.spotify.com/v1/audio-analysis/0FYCWX3ONEJCT4AUlOJMng,273133.0,4.0
255,Watertown,South Dakota,Jude Cole,Right There Now,spotify:track:1y5i8ZPZLGW55HtmznwMtD,16,2005-11-01,0.55,0.516,7.0,-9.942,1.0,0.0239,0.268,0.00014199999999999998,0.135,0.575,87.85600000000001,audio_features,1y5i8ZPZLGW55HtmznwMtD,spotify:track:1y5i8ZPZLGW55HtmznwMtD,https://api.spotify.com/v1/tracks/1y5i8ZPZLGW55HtmznwMtD,https://api.spotify.com/v1/audio-analysis/1y5i8ZPZLGW55HtmznwMtD,304640.0,4.0
256,Watertown,South Dakota,ElliottBros1,Gucci Gabe,spotify:track:0ASjUB5xz8u2iIhVXYLOU2,0,2018-12-30,0.965,0.5870000000000001,9.0,-5.2139999999999995,0.0,0.16399999999999998,0.231,0.0,0.13699999999999998,0.816,119.995,audio_features,0ASjUB5xz8u2iIhVXYLOU2,spotify:track:0ASjUB5xz8u2iIhVXYLOU2,https://api.spotify.com/v1/tracks/0ASjUB5xz8u2iIhVXYLOU2,https://api.spotify.com/v1/audio-analysis/0ASjUB5xz8u2iIhVXYLOU2,103339.0,4.0
257,Watertown,South Dakota,Katerine,Patouseul,spotify:track:0CjSN6iHfI0SirrouLUHTA,22,2014-04-07,0.66,0.885,1.0,-3.699,1.0,0.0499,0.0016,0.0,0.0895,0.5539999999999999,112.01299999999999,audio_features,0CjSN6iHfI0SirrouLUHTA,spotify:track:0CjSN6iHfI0SirrouLUHTA,https://api.spotify.com/v1/tracks/0CjSN6iHfI0SirrouLUHTA,https://api.spotify.com/v1/audio-analysis/0CjSN6iHfI0SirrouLUHTA,187747.0,4.0
