,Unnamed: 0,state,city,song,artist,uris,popularity,date,error,danceability,energy,key,loudness,mode,speechiness,acousticness,instrumentalness,liveness,valence,tempo,type,id,uri,track_href,analysis_url,duration_ms,time_signature
0,0, Massachusetts,Boston,528,Nervous Eaters,error,error,error,,,,,,,,,,,,,,,,,,,
1,1, Massachusetts,Boston,All Kindsa Girls,Real Kids,spotify:track:2IeIZdO1wwTpzCIIZa6Uh2,31,1977,,0.259,0.72,7.0,-15.311,1.0,0.0594,0.00311,0.777,0.116,0.696,173.465,audio_features,2IeIZdO1wwTpzCIIZa6Uh2,spotify:track:2IeIZdO1wwTpzCIIZa6Uh2,https://api.spotify.com/v1/tracks/2IeIZdO1wwTpzCIIZa6Uh2,https://api.spotify.com/v1/audio-analysis/2IeIZdO1wwTpzCIIZa6Uh2,218560.0,4.0
2,2, Massachusetts,Boston,"Allston, Mass",The Allstonians,spotify:track:1rh7VKJVPqagvY2hzZcvn2,2,1995,,0.637,0.707,2.0,-15.625,0.0,0.0587,0.305,0.000125,0.973,0.921,166.754,audio_features,1rh7VKJVPqagvY2hzZcvn2,spotify:track:1rh7VKJVPqagvY2hzZcvn2,https://api.spotify.com/v1/tracks/1rh7VKJVPqagvY2hzZcvn2,https://api.spotify.com/v1/audio-analysis/1rh7VKJVPqagvY2hzZcvn2,177200.0,4.0
3,3, Massachusetts,Boston,The Allston Beat,The Allstonians,spotify:track:79inP8plbHn51FhoGIH5U1,6,1996-01-01,,0.887,0.45,10.0,-14.418,1.0,0.0809,0.0926,0.00411,0.061,0.966,138.398,audio_features,79inP8plbHn51FhoGIH5U1,spotify:track:79inP8plbHn51FhoGIH5U1,https://api.spotify.com/v1/tracks/79inP8plbHn51FhoGIH5U1,https://api.spotify.com/v1/audio-analysis/79inP8plbHn51FhoGIH5U1,177493.0,4.0
4,4, Massachusetts,Boston,An Open Letter to Boston,Mark Lind & The Unloved,spotify:track:4GYouxWAUlv5fo2u1eowLz,3,2008-06-24,,0.44,0.943,8.0,-3.066,1.0,0.109,0.0107,0.0,0.0991,0.803,78.705,audio_features,4GYouxWAUlv5fo2u1eowLz,spotify:track:4GYouxWAUlv5fo2u1eowLz,https://api.spotify.com/v1/tracks/4GYouxWAUlv5fo2u1eowLz,https://api.spotify.com/v1/audio-analysis/4GYouxWAUlv5fo2u1eowLz,183773.0,4.0
5,5, Massachusetts,Boston,As We Walk to Fenway Park in Boston Town,Jonathan Richman,error,error,error,,,,,,,,,,,,,,,,,,,
6,6, Massachusetts,Boston,Back Bay Shuffle,Artie Shaw,spotify:track:1ACsZPUFGE1lN5FzcQOw03,19,2005-06-28,,0.61,0.45,5.0,-10.034,1.0,0.228,0.903,0.668,0.331,0.73,197.027,audio_features,1ACsZPUFGE1lN5FzcQOw03,spotify:track:1ACsZPUFGE1lN5FzcQOw03,https://api.spotify.com/v1/tracks/1ACsZPUFGE1lN5FzcQOw03,https://api.spotify.com/v1/audio-analysis/1ACsZPUFGE1lN5FzcQOw03,194200.0,4.0
7,7, Massachusetts,Boston,Back to Boston,The Rosebuds,spotify:track:4CBVm2BPtvvQXmGZ1GI6Px,12,2003-10-07,,0.528,0.778,2.0,-5.909,1.0,0.0302,0.0221,0.0357,0.22,0.46,142.634,audio_features,4CBVm2BPtvvQXmGZ1GI6Px,spotify:track:4CBVm2BPtvvQXmGZ1GI6Px,https://api.spotify.com/v1/tracks/4CBVm2BPtvvQXmGZ1GI6Px,https://api.spotify.com/v1/audio-analysis/4CBVm2BPtvvQXmGZ1GI6Px,147773.0,4.0
8,8, Massachusetts,Boston,Bank of Boston Beauty Queen,The Dresden Dolls,spotify:track:1yfmbZN0tL65vZuSfNzV9w,13,2003-05-27,,0.55,0.279,7.0,-9.764,0.0,0.102,0.678,0.0,0.136,0.249,97.931,audio_features,1yfmbZN0tL65vZuSfNzV9w,spotify:track:1yfmbZN0tL65vZuSfNzV9w,https://api.spotify.com/v1/tracks/1yfmbZN0tL65vZuSfNzV9w,https://api.spotify.com/v1/audio-analysis/1yfmbZN0tL65vZuSfNzV9w,342067.0,4.0
9,9, Massachusetts,Boston,Beantown,John Cena,spotify:track:5I7ligsi6C2pwu5YgNHWdT,20,2005-05-10,,0.778,0.795,7.0,-6.518,1.0,0.0808,0.062,0.00291,0.29,0.729,96.011,audio_features,5I7ligsi6C2pwu5YgNHWdT,spotify:track:5I7ligsi6C2pwu5YgNHWdT,https://api.spotify.com/v1/tracks/5I7ligsi6C2pwu5YgNHWdT,https://api.spotify.com/v1/audio-analysis/5I7ligsi6C2pwu5YgNHWdT,227627.0,4.0
10,10, Massachusetts,Boston,Bigger Things in Mind,Westbound Train,error,error,error,,,,,,,,,,,,,,,,,,,
11,11, Massachusetts,Boston,Bill Lee,"(Boston Red Sox pitcher, 1969â€“1978)  Warren Zevon",spotify:track:024xjVutLFgK3gInQCJxGj,37,1998-01-01,,0.388,0.819,0.0,-9.349,1.0,0.103,0.71,0.0,0.106,0.709,174.261,audio_features,024xjVutLFgK3gInQCJxGj,spotify:track:024xjVutLFgK3gInQCJxGj,https://api.spotify.com/v1/tracks/024xjVutLFgK3gInQCJxGj,https://api.spotify.com/v1/audio-analysis/024xjVutLFgK3gInQCJxGj,149705.0,4.0
12,12, Massachusetts,Boston,Blue Thunder,Galaxie 500,spotify:track:0DXsPlfQtOQBFbL0wAaOn6,43,1989-09-01,,0.33,0.566,7.0,-8.587,1.0,0.0251,0.32,0.681,0.119,0.273,93.157,audio_features,0DXsPlfQtOQBFbL0wAaOn6,spotify:track:0DXsPlfQtOQBFbL0wAaOn6,https://api.spotify.com/v1/tracks/0DXsPlfQtOQBFbL0wAaOn6,https://api.spotify.com/v1/audio-analysis/0DXsPlfQtOQBFbL0wAaOn6,229813.0,4.0
13,13, Massachusetts,Boston,Billy Ruane,Varsity Drag (Ben Deily),spotify:track:2AjpzcmlE0UbRvbH0vHhjw,1,2006-05-22,,0.366,0.726,9.0,-7.718,1.0,0.0322,0.0711,0.000155,0.0962,0.745,81.498,audio_features,2AjpzcmlE0UbRvbH0vHhjw,spotify:track:2AjpzcmlE0UbRvbH0vHhjw,https://api.spotify.com/v1/tracks/2AjpzcmlE0UbRvbH0vHhjw,https://api.spotify.com/v1/audio-analysis/2AjpzcmlE0UbRvbH0vHhjw,195667.0,4.0
14,14, Massachusetts,Boston,Boston,Augustana,spotify:track:2WZyfujzMweFLnozyUJBkW,65,2005,,0.404,0.571,0.0,-5.069,1.0,0.0303,0.182,2.08e-05,0.129,0.29,147.01,audio_features,2WZyfujzMweFLnozyUJBkW,spotify:track:2WZyfujzMweFLnozyUJBkW,https://api.spotify.com/v1/tracks/2WZyfujzMweFLnozyUJBkW,https://api.spotify.com/v1/audio-analysis/2WZyfujzMweFLnozyUJBkW,245933.0,4.0
15,15, Massachusetts,Boston,Boston,Ed OG,spotify:track:215zB0CsvAcVNF9d44yyyd,26,2018-10-05,,0.688,0.816,11.0,-4.896,0.0,0.0718,0.0716,0.862,0.0729,0.565,92.965,audio_features,215zB0CsvAcVNF9d44yyyd,spotify:track:215zB0CsvAcVNF9d44yyyd,https://api.spotify.com/v1/tracks/215zB0CsvAcVNF9d44yyyd,https://api.spotify.com/v1/audio-analysis/215zB0CsvAcVNF9d44yyyd,196440.0,4.0
16,16, Massachusetts,Boston,Boston,The Byrds,spotify:track:2eWDuIWvQ5Rzox2noAb3Jj,8,1969-08-29,,0.372,0.683,9.0,-11.358,1.0,0.0347,0.343,0.0,0.24,0.669,161.22,audio_features,2eWDuIWvQ5Rzox2noAb3Jj,spotify:track:2eWDuIWvQ5Rzox2noAb3Jj,https://api.spotify.com/v1/tracks/2eWDuIWvQ5Rzox2noAb3Jj,https://api.spotify.com/v1/audio-analysis/2eWDuIWvQ5Rzox2noAb3Jj,124178.0,4.0
17,17, Massachusetts,Boston,Boston,The Dresden Dolls,spotify:track:1CvrmNmwld3gbWHmeeUDXt,17,2008-01-01,,0.422,0.168,7.0,-9.6,1.0,0.033,0.696,0.0116,0.105,0.0605,81.018,audio_features,1CvrmNmwld3gbWHmeeUDXt,spotify:track:1CvrmNmwld3gbWHmeeUDXt,https://api.spotify.com/v1/tracks/1CvrmNmwld3gbWHmeeUDXt,https://api.spotify.com/v1/audio-analysis/1CvrmNmwld3gbWHmeeUDXt,440120.0,4.0
18,18, Massachusetts,Boston,Boston,emmet swimming,spotify:track:5NQZHB0o62wieKjMh4rHhF,9,1996-06-25,,0.478,0.925,7.0,-7.247,1.0,0.0784,0.00177,0.0523,0.278,0.611,118.264,audio_features,5NQZHB0o62wieKjMh4rHhF,spotify:track:5NQZHB0o62wieKjMh4rHhF,https://api.spotify.com/v1/tracks/5NQZHB0o62wieKjMh4rHhF,https://api.spotify.com/v1/audio-analysis/5NQZHB0o62wieKjMh4rHhF,159520.0,4.0
19,19, Massachusetts,Boston,Boston,Horror Show,spotify:track:6Z2djyoBki7QAXO4g2XMoq,3,2010-08-17,,0.288,0.932,7.0,-3.946,1.0,0.0676,0.000129,2.7e-05,0.336,0.741,107.214,audio_features,6Z2djyoBki7QAXO4g2XMoq,spotify:track:6Z2djyoBki7QAXO4g2XMoq,https://api.spotify.com/v1/tracks/6Z2djyoBki7QAXO4g2XMoq,https://api.spotify.com/v1/audio-analysis/6Z2djyoBki7QAXO4g2XMoq,64973.0,4.0
20,20, Massachusetts,Boston,Boston,Kenny Chesney,spotify:track:1hoE8b6uifBRZcWJPnlCSU,50,2005-01-25,,0.673,0.54,7.0,-10.972,1.0,0.0455,0.738,9.85e-06,0.0903,0.629,165.831,audio_features,1hoE8b6uifBRZcWJPnlCSU,spotify:track:1hoE8b6uifBRZcWJPnlCSU,https://api.spotify.com/v1/tracks/1hoE8b6uifBRZcWJPnlCSU,https://api.spotify.com/v1/audio-analysis/1hoE8b6uifBRZcWJPnlCSU,256360.0,4.0
21,21, Massachusetts,Boston,Boston,Paulson,error,error,error,,,,,,,,,,,,,,,,,,,
22,22, Massachusetts,Boston,Boston,The Party of Helicopters,spotify:track:0KND5Rfa9IglBPlg97lCHh,1,2003-04-08,,0.195,0.939,7.0,-5.116,1.0,0.097,0.0348,0.00179,0.602,0.2,90.369,audio_features,0KND5Rfa9IglBPlg97lCHh,spotify:track:0KND5Rfa9IglBPlg97lCHh,https://api.spotify.com/v1/tracks/0KND5Rfa9IglBPlg97lCHh,https://api.spotify.com/v1/audio-analysis/0KND5Rfa9IglBPlg97lCHh,174600.0,3.0
23,23, Massachusetts,Boston,Boston,Patty Griffin,spotify:track:1mTZldOlNdW5RdsdWLKST5,10,2012-01-01,,0.405,0.936,8.0,-5.66,0.0,0.0376,0.0137,0.0,0.129,0.497,138.602,audio_features,1mTZldOlNdW5RdsdWLKST5,spotify:track:1mTZldOlNdW5RdsdWLKST5,https://api.spotify.com/v1/tracks/1mTZldOlNdW5RdsdWLKST5,https://api.spotify.com/v1/audio-analysis/1mTZldOlNdW5RdsdWLKST5,240987.0,4.0
24,24, Massachusetts,Boston,Boston (Ladies of Cambridge),Vampire Weekend,error,error,error,,,,,,,,,,,,,,,,,,,
25,25, Massachusetts,Boston,Boston (My Hometown),"Freddy ""Boom Boom"" Cannon",error,error,error,,,,,,,,,,,,,,,,,,,
26,26, Massachusetts,Boston,Boston and St. John's,Great Big Sea,spotify:track:3KFum0tt0F7mo6SGFhWeO8,25,1999,,0.473,0.456,2.0,-9.764,1.0,0.0255,0.572,0.0,0.0975,0.388,87.891,audio_features,3KFum0tt0F7mo6SGFhWeO8,spotify:track:3KFum0tt0F7mo6SGFhWeO8,https://api.spotify.com/v1/tracks/3KFum0tt0F7mo6SGFhWeO8,https://api.spotify.com/v1/audio-analysis/3KFum0tt0F7mo6SGFhWeO8,227293.0,4.0
27,27, Massachusetts,Boston,Boston Asphalt,the Dropkick Murphys,spotify:track:6ykK8QP2HEoz2R2Dz6NqB1,21,1999-03-09,,0.271,0.959,5.0,-4.631,0.0,0.128,0.000131,0.0,0.349,0.553,159.199,audio_features,6ykK8QP2HEoz2R2Dz6NqB1,spotify:track:6ykK8QP2HEoz2R2Dz6NqB1,https://api.spotify.com/v1/tracks/6ykK8QP2HEoz2R2Dz6NqB1,https://api.spotify.com/v1/audio-analysis/6ykK8QP2HEoz2R2Dz6NqB1,99600.0,4.0
28,28, Massachusetts,Boston,Boston Babies,G.B.H.,error,error,error,,,,,,,,,,,,,,,,,,,
29,29, Massachusetts,Boston,Boston Babies,Slaughter & The Dogs,spotify:track:3I4EzWpzaiqBuCJ4TDgEB2,14,2003,,0.189,0.954,9.0,-4.446,0.0,0.0993,6.17e-06,0.0888,0.944,0.231,164.301,audio_features,3I4EzWpzaiqBuCJ4TDgEB2,spotify:track:3I4EzWpzaiqBuCJ4TDgEB2,https://api.spotify.com/v1/tracks/3I4EzWpzaiqBuCJ4TDgEB2,https://api.spotify.com/v1/audio-analysis/3I4EzWpzaiqBuCJ4TDgEB2,217427.0,4.0
30,30, Massachusetts,Boston,Boston Band,Jim's Big Ego,spotify:track:33wIDXwr9MEczWR3Z5n8VW,5,2000,,0.421,0.691,9.0,-7.776,1.0,0.0363,0.0027,5.99e-06,0.253,0.353,95.289,audio_features,33wIDXwr9MEczWR3Z5n8VW,spotify:track:33wIDXwr9MEczWR3Z5n8VW,https://api.spotify.com/v1/tracks/33wIDXwr9MEczWR3Z5n8VW,https://api.spotify.com/v1/audio-analysis/33wIDXwr9MEczWR3Z5n8VW,223493.0,4.0
31,31, Massachusetts,Boston,Boston Belongs To Me,Death Before Dishonor,spotify:track:0b8R0syfGvSrsqZsWgirDP,12,2007-01-01,,0.475,0.975,11.0,-2.003,1.0,0.0497,0.000742,0.0,0.189,0.944,96.509,audio_features,0b8R0syfGvSrsqZsWgirDP,spotify:track:0b8R0syfGvSrsqZsWgirDP,https://api.spotify.com/v1/tracks/0b8R0syfGvSrsqZsWgirDP,https://api.spotify.com/v1/audio-analysis/0b8R0syfGvSrsqZsWgirDP,151667.0,4.0
32,32, Massachusetts,Boston,The Boston Beguine,Sheldon Harnick,error,error,error,,,,,,,,,,,,,,,,,,,
33,33, Massachusetts,Boston,Boston Bound,The Kings of Nuthin',spotify:track:2jnT16sM6Jg0itY1Yxcfef,14,1999,,0.575,0.928,2.0,-5.526,1.0,0.04,0.36,0.000249,0.346,0.962,115.043,audio_features,2jnT16sM6Jg0itY1Yxcfef,spotify:track:2jnT16sM6Jg0itY1Yxcfef,https://api.spotify.com/v1/tracks/2jnT16sM6Jg0itY1Yxcfef,https://api.spotify.com/v1/audio-analysis/2jnT16sM6Jg0itY1Yxcfef,154867.0,4.0
34,34, Massachusetts,Boston,Boston Girl,Didn't Planet,spotify:track:5BCCDDa9LaagwoWOtZxPNM,1,2013-06-25,,0.527,0.947,7.0,-3.783,1.0,0.0599,0.000251,0.0,0.0459,0.553,142.0,audio_features,5BCCDDa9LaagwoWOtZxPNM,spotify:track:5BCCDDa9LaagwoWOtZxPNM,https://api.spotify.com/v1/tracks/5BCCDDa9LaagwoWOtZxPNM,https://api.spotify.com/v1/audio-analysis/5BCCDDa9LaagwoWOtZxPNM,350107.0,4.0
35,35, Massachusetts,Boston,Boston Jail,Porter Wagoner,spotify:track:3nm6Jux9vSukEWJHFbB0Pp,4,1967-07-24,,0.685,0.401,9.0,-14.026,1.0,0.0354,0.729,0.0,0.181,0.696,97.921,audio_features,3nm6Jux9vSukEWJHFbB0Pp,spotify:track:3nm6Jux9vSukEWJHFbB0Pp,https://api.spotify.com/v1/tracks/3nm6Jux9vSukEWJHFbB0Pp,https://api.spotify.com/v1/audio-analysis/3nm6Jux9vSukEWJHFbB0Pp,132373.0,4.0
36,36, Massachusetts,Boston,A Boston Peace,Say Anything,spotify:track:2phvDSTJH3yCGlzjZVyRFZ,16,2013-01-22,,0.42,0.845,3.0,-2.05,1.0,0.183,0.11,0.0,0.0928,0.66,145.427,audio_features,2phvDSTJH3yCGlzjZVyRFZ,spotify:track:2phvDSTJH3yCGlzjZVyRFZ,https://api.spotify.com/v1/tracks/2phvDSTJH3yCGlzjZVyRFZ,https://api.spotify.com/v1/audio-analysis/2phvDSTJH3yCGlzjZVyRFZ,197853.0,4.0
37,37, Massachusetts,Boston,Boston Rag,Steely Dan,spotify:track:1wxA50yfhX9S7mI1MfqFcY,42,1973-01-01,,0.551,0.514,9.0,-11.737,0.0,0.0295,0.0285,5.58e-05,0.0419,0.645,76.347,audio_features,1wxA50yfhX9S7mI1MfqFcY,spotify:track:1wxA50yfhX9S7mI1MfqFcY,https://api.spotify.com/v1/tracks/1wxA50yfhX9S7mI1MfqFcY,https://api.spotify.com/v1/audio-analysis/1wxA50yfhX9S7mI1MfqFcY,340000.0,4.0
38,38, Massachusetts,Boston,Boston Rose,Liam Reilly,spotify:track:0J2lF20WsWG4UKCgqzux3k,5,2016-01-01,,0.536,0.464,7.0,-10.933,1.0,0.0267,0.309,0.0,0.0914,0.644,135.937,audio_features,0J2lF20WsWG4UKCgqzux3k,spotify:track:0J2lF20WsWG4UKCgqzux3k,https://api.spotify.com/v1/tracks/0J2lF20WsWG4UKCgqzux3k,https://api.spotify.com/v1/audio-analysis/0J2lF20WsWG4UKCgqzux3k,326293.0,4.0
39,39, Massachusetts,Boston,Boston Strong,Jeffrey Nottonson,error,error,error,,,,,,,,,,,,,,,,,,,
40,40, Massachusetts,Boston,Boston Subway,The Pubcrawlers,spotify:track:0WpP3itndWcKtwHQ5ZQUTu,0,2020-06-09,,0.371,0.205,1.0,-19.111,1.0,0.0395,0.631,0.565,0.0387,0.114,90.006,audio_features,0WpP3itndWcKtwHQ5ZQUTu,spotify:track:0WpP3itndWcKtwHQ5ZQUTu,https://api.spotify.com/v1/tracks/0WpP3itndWcKtwHQ5ZQUTu,https://api.spotify.com/v1/audio-analysis/0WpP3itndWcKtwHQ5ZQUTu,323500.0,4.0
41,41, Massachusetts,Boston,Boston Tea Party,"Alex Harvey (and, more recently,  Fish)",spotify:track:1h5EE8uDaf9pMrJRtQq0Sw,32,2018-03-09,,0.433,0.576,2.0,-11.767,1.0,0.0404,0.361,0.181,0.466,0.402,86.034,audio_features,1h5EE8uDaf9pMrJRtQq0Sw,spotify:track:1h5EE8uDaf9pMrJRtQq0Sw,https://api.spotify.com/v1/tracks/1h5EE8uDaf9pMrJRtQq0Sw,https://api.spotify.com/v1/audio-analysis/1h5EE8uDaf9pMrJRtQq0Sw,276395.0,4.0
42,42, Massachusetts,Boston,The Boston Tea Party,"Jimmy Dorsey,(Decca, DLA456A)",spotify:track:1rfud8YCNiqBu61bwAZQs7,2,2017-09-10,,0.643,0.391,8.0,-9.188,1.0,0.0365,0.99,0.402,0.265,0.71,163.895,audio_features,1rfud8YCNiqBu61bwAZQs7,spotify:track:1rfud8YCNiqBu61bwAZQs7,https://api.spotify.com/v1/tracks/1rfud8YCNiqBu61bwAZQs7,https://api.spotify.com/v1/audio-analysis/1rfud8YCNiqBu61bwAZQs7,187500.0,4.0
43,43, Massachusetts,Boston,Boston United,The Unseen,spotify:track:07jYkiQcdgqMbTKxg9TCgY,2,2009-01-27,,0.35,0.912,0.0,-4.503,1.0,0.0834,0.00218,1.13e-05,0.294,0.892,76.171,audio_features,07jYkiQcdgqMbTKxg9TCgY,spotify:track:07jYkiQcdgqMbTKxg9TCgY,https://api.spotify.com/v1/tracks/07jYkiQcdgqMbTKxg9TCgY,https://api.spotify.com/v1/audio-analysis/07jYkiQcdgqMbTKxg9TCgY,72027.0,4.0
44,44, Massachusetts,Boston,"Boston, USA",The Ducky Boys,spotify:track:2ojCJvf3zabfhidqcfCUfl,11,2004-11-16,,0.366,0.993,1.0,-1.983,1.0,0.0747,9.82e-05,1.28e-06,0.531,0.825,150.374,audio_features,2ojCJvf3zabfhidqcfCUfl,spotify:track:2ojCJvf3zabfhidqcfCUfl,https://api.spotify.com/v1/tracks/2ojCJvf3zabfhidqcfCUfl,https://api.spotify.com/v1/audio-analysis/2ojCJvf3zabfhidqcfCUfl,96667.0,4.0
45,45, Massachusetts,Boston,Bostons,Have Heart,spotify:track:4oMtIA1GF7rkPmq73yyHCB,32,2008-07-08,,0.355,0.914,4.0,-4.564,1.0,0.0436,0.0143,0.0,0.306,0.379,93.317,audio_features,4oMtIA1GF7rkPmq73yyHCB,spotify:track:4oMtIA1GF7rkPmq73yyHCB,https://api.spotify.com/v1/tracks/4oMtIA1GF7rkPmq73yyHCB,https://api.spotify.com/v1/audio-analysis/4oMtIA1GF7rkPmq73yyHCB,168693.0,4.0
46,46, Massachusetts,Boston,"Bridges, Squares",Ted Leo and the Pharmacists,spotify:track:0koqNHpj3rEXWQHj4Hd7We,14,2003,,0.333,0.925,0.0,-4.861,1.0,0.0843,0.00117,1.93e-05,0.359,0.729,156.171,audio_features,0koqNHpj3rEXWQHj4Hd7We,spotify:track:0koqNHpj3rEXWQHj4Hd7We,https://api.spotify.com/v1/tracks/0koqNHpj3rEXWQHj4Hd7We,https://api.spotify.com/v1/audio-analysis/0koqNHpj3rEXWQHj4Hd7We,286947.0,4.0
47,47, Massachusetts,Boston,Brighton Memories,The Allstonians,spotify:track:4jDsJATrFmOQeDm1TtuvGD,2,1996-01-01,,0.754,0.477,9.0,-14.972,0.0,0.0341,0.0158,0.000304,0.0656,0.92,140.45,audio_features,4jDsJATrFmOQeDm1TtuvGD,spotify:track:4jDsJATrFmOQeDm1TtuvGD,https://api.spotify.com/v1/tracks/4jDsJATrFmOQeDm1TtuvGD,https://api.spotify.com/v1/audio-analysis/4jDsJATrFmOQeDm1TtuvGD,203840.0,4.0
48,48, Massachusetts,Boston,Bunker Hill,Michael Penn,spotify:track:0byQDoBigdlGZLZsUszZMv,7,1992,,0.471,0.535,10.0,-10.007,1.0,0.0302,0.089,1.82e-06,0.149,0.694,177.23,audio_features,0byQDoBigdlGZLZsUszZMv,spotify:track:0byQDoBigdlGZLZsUszZMv,https://api.spotify.com/v1/tracks/0byQDoBigdlGZLZsUszZMv,https://api.spotify.com/v1/audio-analysis/0byQDoBigdlGZLZsUszZMv,279293.0,4.0
49,49, Massachusetts,Boston,Carl Yastrzemski,Jess Cain,error,error,error,,,,,,,,,,,,,,,,,,,
50,50, Massachusetts,Boston,The Chosen Few,the Dropkick Murphys,spotify:track:0MODoGQUSN5726wPnSEDuA,21,2003-07-01,,0.875,0.569,4.0,-6.535,0.0,0.242,0.0788,0.49,0.0705,0.456,95.321,audio_features,0MODoGQUSN5726wPnSEDuA,spotify:track:0MODoGQUSN5726wPnSEDuA,https://api.spotify.com/v1/tracks/0MODoGQUSN5726wPnSEDuA,https://api.spotify.com/v1/audio-analysis/0MODoGQUSN5726wPnSEDuA,216827.0,4.0
51,51, Massachusetts,Boston,Christmas Time,the Dogmatics (takes place in Kenmore Square),spotify:track:2345kZ5rt8eHjO8CFpx3Yi,37,1963,,0.343,0.339,0.0,-9.282,1.0,0.0283,0.867,3.75e-06,0.109,0.404,103.504,audio_features,2345kZ5rt8eHjO8CFpx3Yi,spotify:track:2345kZ5rt8eHjO8CFpx3Yi,https://api.spotify.com/v1/tracks/2345kZ5rt8eHjO8CFpx3Yi,https://api.spotify.com/v1/audio-analysis/2345kZ5rt8eHjO8CFpx3Yi,127333.0,3.0
52,52, Massachusetts,Boston,Crutch,Buffalo Tom,spotify:track:1O3eyYPk7zIRn5kxRvBzoy,11,1992,,0.23,0.592,0.0,-11.082,1.0,0.0367,0.000142,0.00502,0.0685,0.479,107.307,audio_features,1O3eyYPk7zIRn5kxRvBzoy,spotify:track:1O3eyYPk7zIRn5kxRvBzoy,https://api.spotify.com/v1/tracks/1O3eyYPk7zIRn5kxRvBzoy,https://api.spotify.com/v1/audio-analysis/1O3eyYPk7zIRn5kxRvBzoy,244627.0,3.0
53,53, Massachusetts,Boston,The Devil Came Up To Boston,Adam Ezra Group,spotify:track:4K46Otot4wpWs1cqZZUpg8,20,2019-08-24,,0.426,0.852,2.0,-8.058,1.0,0.236,0.0135,1.27e-05,0.682,0.653,151.733,audio_features,4K46Otot4wpWs1cqZZUpg8,spotify:track:4K46Otot4wpWs1cqZZUpg8,https://api.spotify.com/v1/tracks/4K46Otot4wpWs1cqZZUpg8,https://api.spotify.com/v1/audio-analysis/4K46Otot4wpWs1cqZZUpg8,223251.0,4.0
54,54, Massachusetts,Boston,Devils in Boston,Samantha Crain,spotify:track:41ZDITHFTyhWg7JCq3gz2B,6,2009-04-28,,0.369,0.585,7.0,-5.184,0.0,0.0324,0.491,1.24e-05,0.0793,0.452,186.147,audio_features,41ZDITHFTyhWg7JCq3gz2B,spotify:track:41ZDITHFTyhWg7JCq3gz2B,https://api.spotify.com/v1/tracks/41ZDITHFTyhWg7JCq3gz2B,https://api.spotify.com/v1/audio-analysis/41ZDITHFTyhWg7JCq3gz2B,246920.0,4.0
55,55, Massachusetts,Boston,Dirty Water,The Standells,spotify:track:3NINDFPIYnyT26cWWRomOQ,49,1966-05-01,,0.62,0.781,9.0,-5.938,1.0,0.0379,0.181,0.0,0.187,0.864,144.707,audio_features,3NINDFPIYnyT26cWWRomOQ,spotify:track:3NINDFPIYnyT26cWWRomOQ,https://api.spotify.com/v1/tracks/3NINDFPIYnyT26cWWRomOQ,https://api.spotify.com/v1/audio-analysis/3NINDFPIYnyT26cWWRomOQ,167253.0,4.0
56,56, Massachusetts,Boston,Down Around Here,Big D and the Kids Table,spotify:track:2umSpA8kV3ibD9e9CdLU4i,14,2009-07-07,,0.687,0.933,7.0,-5.405,1.0,0.141,0.0989,0.0,0.413,0.849,150.07,audio_features,2umSpA8kV3ibD9e9CdLU4i,spotify:track:2umSpA8kV3ibD9e9CdLU4i,https://api.spotify.com/v1/tracks/2umSpA8kV3ibD9e9CdLU4i,https://api.spotify.com/v1/audio-analysis/2umSpA8kV3ibD9e9CdLU4i,231747.0,4.0
57,57, Massachusetts,Boston,Drivin' in Boston is Drivin' Me to Drink,Howie Newman,spotify:track:5Sf8t7J9eOHs74HmpkTFbs,0,2006-06-08,,0.459,0.533,7.0,-9.126,1.0,0.305,0.581,0.0,0.0794,0.394,201.286,audio_features,5Sf8t7J9eOHs74HmpkTFbs,spotify:track:5Sf8t7J9eOHs74HmpkTFbs,https://api.spotify.com/v1/tracks/5Sf8t7J9eOHs74HmpkTFbs,https://api.spotify.com/v1/audio-analysis/5Sf8t7J9eOHs74HmpkTFbs,204040.0,4.0
58,58, Massachusetts,Boston,The End of Radio,Shellac,spotify:track:3h2FfzDrj3aJNEPnUnVo19,21,2007-06-05,,0.552,0.143,9.0,-17.977,1.0,0.277,0.127,0.000662,0.0857,0.373,143.428,audio_features,3h2FfzDrj3aJNEPnUnVo19,spotify:track:3h2FfzDrj3aJNEPnUnVo19,https://api.spotify.com/v1/tracks/3h2FfzDrj3aJNEPnUnVo19,https://api.spotify.com/v1/audio-analysis/3h2FfzDrj3aJNEPnUnVo19,506489.0,3.0
59,59, Massachusetts,Boston,Etoh,The Avalanches,spotify:track:7mZ6HkP9xEh1c63qPMdCUt,34,2000-01-01,,0.667,0.839,11.0,-7.908,0.0,0.131,0.255,0.000374,0.273,0.298,95.516,audio_features,7mZ6HkP9xEh1c63qPMdCUt,spotify:track:7mZ6HkP9xEh1c63qPMdCUt,https://api.spotify.com/v1/tracks/7mZ6HkP9xEh1c63qPMdCUt,https://api.spotify.com/v1/audio-analysis/7mZ6HkP9xEh1c63qPMdCUt,302947.0,4.0
60,60, Massachusetts,Boston,Fairmount Hill,the Dropkick Murphys,spotify:track:5G8Pf3Pd91r8eYT3b76Cwy,21,2007-09-18,,0.304,0.696,9.0,-3.976,1.0,0.0347,0.00387,0.0,0.118,0.35,160.023,audio_features,5G8Pf3Pd91r8eYT3b76Cwy,spotify:track:5G8Pf3Pd91r8eYT3b76Cwy,https://api.spotify.com/v1/tracks/5G8Pf3Pd91r8eYT3b76Cwy,https://api.spotify.com/v1/audio-analysis/5G8Pf3Pd91r8eYT3b76Cwy,238400.0,3.0
61,61, Massachusetts,Boston,The Fenway,Jonathan Richman (Jonathan Richman and the Modern Lovers),spotify:track:4lSjkZqO5iclNEaqZAcdDo,11,2020-04-03,,0.366,0.374,7.0,-20.481,1.0,0.0407,0.367,0.621,0.134,0.568,167.39,audio_features,4lSjkZqO5iclNEaqZAcdDo,spotify:track:4lSjkZqO5iclNEaqZAcdDo,https://api.spotify.com/v1/tracks/4lSjkZqO5iclNEaqZAcdDo,https://api.spotify.com/v1/audio-analysis/4lSjkZqO5iclNEaqZAcdDo,393138.0,4.0
62,62, Massachusetts,Boston,Fly Into the Mystery,Jonathan Richman (The Modern Lovers),spotify:track:1QbvNHQhNl1HYsy1y7iBiY,16,1977-01-01,,0.56,0.161,2.0,-13.445,1.0,0.0379,0.562,0.0,0.351,0.204,132.577,audio_features,1QbvNHQhNl1HYsy1y7iBiY,spotify:track:1QbvNHQhNl1HYsy1y7iBiY,https://api.spotify.com/v1/tracks/1QbvNHQhNl1HYsy1y7iBiY,https://api.spotify.com/v1/audio-analysis/1QbvNHQhNl1HYsy1y7iBiY,197347.0,4.0
63,63, Massachusetts,Boston,For Boston,"originally  T.J. Hurley (and, more recently,  the Dropkick Murphys)",spotify:track:5qFK6YtPJGVfKVx3op8w2Y,0,2014-01-03,,0.588,0.564,5.0,-9.803,1.0,0.0343,0.000966,0.675,0.0883,0.385,119.994,audio_features,5qFK6YtPJGVfKVx3op8w2Y,spotify:track:5qFK6YtPJGVfKVx3op8w2Y,https://api.spotify.com/v1/tracks/5qFK6YtPJGVfKVx3op8w2Y,https://api.spotify.com/v1/audio-analysis/5qFK6YtPJGVfKVx3op8w2Y,473641.0,4.0
64,64, Massachusetts,Boston,For Boston,The Hold Steady,spotify:track:2Kr8BCP1qftHjTYGdPRt5e,15,2016-12-09,,0.452,0.928,4.0,-3.246,1.0,0.0426,0.06,0.0068,0.313,0.686,132.13,audio_features,2Kr8BCP1qftHjTYGdPRt5e,spotify:track:2Kr8BCP1qftHjTYGdPRt5e,https://api.spotify.com/v1/tracks/2Kr8BCP1qftHjTYGdPRt5e,https://api.spotify.com/v1/audio-analysis/2Kr8BCP1qftHjTYGdPRt5e,189973.0,4.0
65,65, Massachusetts,Boston,Girlfriend,Jonathan Richman (The Modern Lovers),spotify:track:1I3qP84bWnMFrNsN6eruAm,14,2003-11-12,,0.617,0.393,7.0,-8.615,1.0,0.0325,0.471,0.00052,0.112,0.19,84.984,audio_features,1I3qP84bWnMFrNsN6eruAm,spotify:track:1I3qP84bWnMFrNsN6eruAm,https://api.spotify.com/v1/tracks/1I3qP84bWnMFrNsN6eruAm,https://api.spotify.com/v1/audio-analysis/1I3qP84bWnMFrNsN6eruAm,263547.0,4.0
66,66, Massachusetts,Boston,Going Out in Style,the Dropkick Murphys,spotify:track:1pxQq6eupY7iEkGYjNvzWz,34,2011-03-01,,0.375,0.997,7.0,-3.12,1.0,0.129,4.39e-05,0.000541,0.84,0.611,164.028,audio_features,1pxQq6eupY7iEkGYjNvzWz,spotify:track:1pxQq6eupY7iEkGYjNvzWz,https://api.spotify.com/v1/tracks/1pxQq6eupY7iEkGYjNvzWz,https://api.spotify.com/v1/audio-analysis/1pxQq6eupY7iEkGYjNvzWz,219240.0,4.0
67,67, Massachusetts,Boston,Government Center,Jonathan Richman (The Modern Lovers),spotify:track:0BcV4v4CPtQ9JQSuboigyT,0,2001-01-01,,0.583,0.65,9.0,-7.088,1.0,0.17,0.373,0.0,0.157,0.949,139.112,audio_features,0BcV4v4CPtQ9JQSuboigyT,spotify:track:0BcV4v4CPtQ9JQSuboigyT,https://api.spotify.com/v1/tracks/0BcV4v4CPtQ9JQSuboigyT,https://api.spotify.com/v1/audio-analysis/0BcV4v4CPtQ9JQSuboigyT,135427.0,4.0
68,68, Massachusetts,Boston,Homecoming King,Guster,spotify:track:6fuYiaCuB0UlztYrAOiZom,29,2003-06-17,,0.558,0.753,0.0,-6.263,1.0,0.0337,0.000264,0.0,0.121,0.53,130.52,audio_features,6fuYiaCuB0UlztYrAOiZom,spotify:track:6fuYiaCuB0UlztYrAOiZom,https://api.spotify.com/v1/tracks/6fuYiaCuB0UlztYrAOiZom,https://api.spotify.com/v1/audio-analysis/6fuYiaCuB0UlztYrAOiZom,217573.0,4.0
69,70, Massachusetts,Boston,I Want My City Back,The Mighty Mighty Bosstones,spotify:track:1ntyHFz1Jw7hNLXzCZPizG,25,2002-07-02,,0.282,0.97,0.0,-3.995,1.0,0.109,0.0319,0.0,0.357,0.334,177.552,audio_features,1ntyHFz1Jw7hNLXzCZPizG,spotify:track:1ntyHFz1Jw7hNLXzCZPizG,https://api.spotify.com/v1/tracks/1ntyHFz1Jw7hNLXzCZPizG,https://api.spotify.com/v1/audio-analysis/1ntyHFz1Jw7hNLXzCZPizG,196213.0,4.0
70,71, Massachusetts,Boston,The Ice of Boston,The Dismemberment Plan,spotify:track:2HgZBNeDPWBcIEFtqnYPgR,36,1997-01-01,,0.5,0.663,4.0,-7.976,1.0,0.217,0.00866,0.000105,0.105,0.744,109.651,audio_features,2HgZBNeDPWBcIEFtqnYPgR,spotify:track:2HgZBNeDPWBcIEFtqnYPgR,https://api.spotify.com/v1/tracks/2HgZBNeDPWBcIEFtqnYPgR,https://api.spotify.com/v1/audio-analysis/2HgZBNeDPWBcIEFtqnYPgR,295307.0,4.0
71,72, Massachusetts,Boston,I'm Shipping up to Boston,"Woody Guthrie and the Dropkick Murphys from The Warrior's Code 2005, music video filmed in East Boston, (Celtic punk)",spotify:track:588IRcX6dsPncZ3u6vk6gd,1,2014-03-04,,0.419,0.568,0.0,-16.284,1.0,0.436,0.789,0.869,0.704,0.553,125.616,audio_features,588IRcX6dsPncZ3u6vk6gd,spotify:track:588IRcX6dsPncZ3u6vk6gd,https://api.spotify.com/v1/tracks/588IRcX6dsPncZ3u6vk6gd,https://api.spotify.com/v1/audio-analysis/588IRcX6dsPncZ3u6vk6gd,180407.0,4.0
72,73, Massachusetts,Boston,I'm Yours Boston,Big D and the Kids Table,spotify:track:3knDVuYN1Bv9EhibhQ3Yef,4,2007-01-01,,0.435,0.928,5.0,-1.802,1.0,0.0834,0.0243,0.0,0.225,0.819,171.889,audio_features,3knDVuYN1Bv9EhibhQ3Yef,spotify:track:3knDVuYN1Bv9EhibhQ3Yef,https://api.spotify.com/v1/tracks/3knDVuYN1Bv9EhibhQ3Yef,https://api.spotify.com/v1/audio-analysis/3knDVuYN1Bv9EhibhQ3Yef,170627.0,4.0
73,74, Massachusetts,Boston,In Defense of Dorchester,the Street Dogs,spotify:track:5yKufQqhfr5yQ5HmcqCPTT,20,2005-03-25,,0.537,0.981,10.0,-3.707,0.0,0.0985,0.0177,1.19e-05,0.391,0.376,95.101,audio_features,5yKufQqhfr5yQ5HmcqCPTT,spotify:track:5yKufQqhfr5yQ5HmcqCPTT,https://api.spotify.com/v1/tracks/5yKufQqhfr5yQ5HmcqCPTT,https://api.spotify.com/v1/audio-analysis/5yKufQqhfr5yQ5HmcqCPTT,151947.0,4.0
74,75, Massachusetts,Boston,Jackson Mann,The Allstonians,spotify:track:61oQqSBI17VcPM1Qi9ovOG,2,1995-01-01,,0.944,0.435,2.0,-12.95,1.0,0.0652,0.737,0.000198,0.0915,0.926,116.014,audio_features,61oQqSBI17VcPM1Qi9ovOG,spotify:track:61oQqSBI17VcPM1Qi9ovOG,https://api.spotify.com/v1/tracks/61oQqSBI17VcPM1Qi9ovOG,https://api.spotify.com/v1/audio-analysis/61oQqSBI17VcPM1Qi9ovOG,251800.0,4.0
75,76, Massachusetts,Boston,Just Like Larry,Dispatch (subject of the song is former Boston Celtic and Basketball Hall of Famer Larry Bird),spotify:track:0Jdmml7BIis9qqtY4rwM54,13,2000-10-10,,0.657,0.952,9.0,-7.301,0.0,0.066,0.0154,0.169,0.0796,0.612,115.02,audio_features,0Jdmml7BIis9qqtY4rwM54,spotify:track:0Jdmml7BIis9qqtY4rwM54,https://api.spotify.com/v1/tracks/0Jdmml7BIis9qqtY4rwM54,https://api.spotify.com/v1/audio-analysis/0Jdmml7BIis9qqtY4rwM54,130067.0,4.0
76,77, Massachusetts,Boston,Knights of Bostonia,State Radio,spotify:track:4Iv6aD7QKCYOpo0X8AKHaP,31,2009-09-29,,0.339,0.952,7.0,-5.146,1.0,0.0741,0.0389,0.0,0.252,0.293,147.761,audio_features,4Iv6aD7QKCYOpo0X8AKHaP,spotify:track:4Iv6aD7QKCYOpo0X8AKHaP,https://api.spotify.com/v1/tracks/4Iv6aD7QKCYOpo0X8AKHaP,https://api.spotify.com/v1/audio-analysis/4Iv6aD7QKCYOpo0X8AKHaP,262987.0,4.0
77,78, Massachusetts,Boston,Logan to Government Center,Brand New,spotify:track:4wmYC29MFVUKV15GRNioEP,38,2001,,0.386,0.845,8.0,-4.152,1.0,0.0824,0.00137,5.44e-06,0.167,0.555,174.939,audio_features,4wmYC29MFVUKV15GRNioEP,spotify:track:4wmYC29MFVUKV15GRNioEP,https://api.spotify.com/v1/tracks/4wmYC29MFVUKV15GRNioEP,https://api.spotify.com/v1/audio-analysis/4wmYC29MFVUKV15GRNioEP,185720.0,4.0
78,79, Massachusetts,Boston,Lost in Boston,The Walkmen,spotify:track:2BNv35qgVQTuEbz6R5oqXH,16,2006-05-23,,0.315,0.946,2.0,-3.847,1.0,0.0548,0.000606,5.02e-06,0.398,0.403,109.342,audio_features,2BNv35qgVQTuEbz6R5oqXH,spotify:track:2BNv35qgVQTuEbz6R5oqXH,https://api.spotify.com/v1/tracks/2BNv35qgVQTuEbz6R5oqXH,https://api.spotify.com/v1/audio-analysis/2BNv35qgVQTuEbz6R5oqXH,217560.0,4.0
79,80, Massachusetts,Boston,M.T.A.,The Kingston Trio,spotify:track:7czDlyNEoVpFzh8A4bNSdS,37,1959-06-01,,0.713,0.548,9.0,-8.807,1.0,0.0455,0.261,0.0,0.197,0.901,144.623,audio_features,7czDlyNEoVpFzh8A4bNSdS,spotify:track:7czDlyNEoVpFzh8A4bNSdS,https://api.spotify.com/v1/tracks/7czDlyNEoVpFzh8A4bNSdS,https://api.spotify.com/v1/audio-analysis/7czDlyNEoVpFzh8A4bNSdS,193387.0,4.0
80,81, Massachusetts,Boston,Mass Ave,Willie Alexander,spotify:track:490mdppKU3IjR6C5zaWCyL,0,1995,,0.277,0.635,0.0,-14.238,1.0,0.317,0.711,0.89,0.111,0.0375,81.586,audio_features,490mdppKU3IjR6C5zaWCyL,spotify:track:490mdppKU3IjR6C5zaWCyL,https://api.spotify.com/v1/tracks/490mdppKU3IjR6C5zaWCyL,https://api.spotify.com/v1/audio-analysis/490mdppKU3IjR6C5zaWCyL,316160.0,4.0
81,82, Massachusetts,Boston,Mass Pike,The Get Up Kids,spotify:track:1YIecOW5WCDUU58UZjkoeP,29,2001-01-05,,0.451,0.881,2.0,-7.313,1.0,0.0375,0.0823,4.93e-05,0.328,0.822,124.331,audio_features,1YIecOW5WCDUU58UZjkoeP,spotify:track:1YIecOW5WCDUU58UZjkoeP,https://api.spotify.com/v1/tracks/1YIecOW5WCDUU58UZjkoeP,https://api.spotify.com/v1/audio-analysis/1YIecOW5WCDUU58UZjkoeP,224267.0,4.0
82,83, Massachusetts,Boston,Massachusetts Avenue,Amanda Palmer & The Grand Theft Orchestra,spotify:track:20MLKbSIpokn3id9mZfzEp,4,2012-09-11,,0.615,0.631,0.0,-6.846,1.0,0.0335,0.12,1.57e-05,0.0817,0.742,131.976,audio_features,20MLKbSIpokn3id9mZfzEp,spotify:track:20MLKbSIpokn3id9mZfzEp,https://api.spotify.com/v1/tracks/20MLKbSIpokn3id9mZfzEp,https://api.spotify.com/v1/audio-analysis/20MLKbSIpokn3id9mZfzEp,280933.0,4.0
83,84, Massachusetts,Boston,Mess,Noah Kahan,spotify:track:1BlQWQgGP84r4GYUVty4Ar,66,2019-06-14,,0.442,0.826,10.0,-5.32,1.0,0.0775,0.176,0.0,0.0978,0.601,80.848,audio_features,1BlQWQgGP84r4GYUVty4Ar,spotify:track:1BlQWQgGP84r4GYUVty4Ar,https://api.spotify.com/v1/tracks/1BlQWQgGP84r4GYUVty4Ar,https://api.spotify.com/v1/audio-analysis/1BlQWQgGP84r4GYUVty4Ar,213320.0,4.0
84,85, Massachusetts,Boston,Midnight Rambler,The Rolling Stones,spotify:track:3tIvHt7VaIenprWXrYzgwb,49,1969-12-05,,0.403,0.658,9.0,-10.285,1.0,0.118,0.772,3.96e-06,0.166,0.512,75.488,audio_features,3tIvHt7VaIenprWXrYzgwb,spotify:track:3tIvHt7VaIenprWXrYzgwb,https://api.spotify.com/v1/tracks/3tIvHt7VaIenprWXrYzgwb,https://api.spotify.com/v1/audio-analysis/3tIvHt7VaIenprWXrYzgwb,412760.0,4.0
85,86, Massachusetts,Boston,Modern World,Jonathan Richman (The Modern Lovers),spotify:track:1uDXwOtsdtQ5r7FwB9JvkI,0,2017-12-01,,0.835,0.4,4.0,-14.985,0.0,0.0426,0.00254,0.208,0.0886,0.681,120.016,audio_features,1uDXwOtsdtQ5r7FwB9JvkI,spotify:track:1uDXwOtsdtQ5r7FwB9JvkI,https://api.spotify.com/v1/tracks/1uDXwOtsdtQ5r7FwB9JvkI,https://api.spotify.com/v1/audio-analysis/1uDXwOtsdtQ5r7FwB9JvkI,206263.0,4.0
86,87, Massachusetts,Boston,A More Perfect Union,Titus Andronicus,spotify:track:515qE0YyUWivEobvHGpN7o,41,2010-03-09,,0.154,0.848,0.0,-5.093,1.0,0.0507,0.142,0.00102,0.395,0.241,175.848,audio_features,515qE0YyUWivEobvHGpN7o,spotify:track:515qE0YyUWivEobvHGpN7o,https://api.spotify.com/v1/tracks/515qE0YyUWivEobvHGpN7o,https://api.spotify.com/v1/audio-analysis/515qE0YyUWivEobvHGpN7o,429587.0,4.0
87,88, Massachusetts,Boston,My Boston,Big Shug,spotify:track:6gPvkcmPpyCnpg53lWDAW7,18,2009-09-22,,0.575,0.692,5.0,-7.924,0.0,0.346,0.126,2.28e-06,0.092,0.773,172.309,audio_features,6gPvkcmPpyCnpg53lWDAW7,spotify:track:6gPvkcmPpyCnpg53lWDAW7,https://api.spotify.com/v1/tracks/6gPvkcmPpyCnpg53lWDAW7,https://api.spotify.com/v1/audio-analysis/6gPvkcmPpyCnpg53lWDAW7,245067.0,4.0
88,89, Massachusetts,Boston,My Sister,Juliana Hatfield,spotify:track:6upqkKERHpzh514GLBdWBG,24,2006-05-02,,0.444,0.816,8.0,-7.843,0.0,0.0608,0.336,0.00421,0.911,0.359,138.816,audio_features,6upqkKERHpzh514GLBdWBG,spotify:track:6upqkKERHpzh514GLBdWBG,https://api.spotify.com/v1/tracks/6upqkKERHpzh514GLBdWBG,https://api.spotify.com/v1/audio-analysis/6upqkKERHpzh514GLBdWBG,217640.0,4.0
89,90, Massachusetts,Boston,Never Alone,Dropkick Murphys,spotify:track:578irIpfjyhKxYQaTPZ9mu,33,1998,,0.239,0.948,9.0,-3.466,1.0,0.0705,6.73e-05,0.0,0.15,0.868,168.425,audio_features,578irIpfjyhKxYQaTPZ9mu,spotify:track:578irIpfjyhKxYQaTPZ9mu,https://api.spotify.com/v1/tracks/578irIpfjyhKxYQaTPZ9mu,https://api.spotify.com/v1/audio-analysis/578irIpfjyhKxYQaTPZ9mu,174171.0,4.0
90,91, Massachusetts,Boston,No Future (Death or Jail),Mark Lind,spotify:track:1SleDmmbQCYbmwyptA2yr6,1,2006-05-02,,0.473,0.816,1.0,-5.953,1.0,0.0336,0.0319,0.00022,0.11,0.639,87.508,audio_features,1SleDmmbQCYbmwyptA2yr6,spotify:track:1SleDmmbQCYbmwyptA2yr6,https://api.spotify.com/v1/tracks/1SleDmmbQCYbmwyptA2yr6,https://api.spotify.com/v1/audio-analysis/1SleDmmbQCYbmwyptA2yr6,173547.0,4.0
91,92, Massachusetts,Boston,Normal Town,Better Than Ezra,spotify:track:0PFYDTeSWUyuaE0ZHHaX4K,22,1996-08-02,,0.564,0.876,0.0,-5.537,1.0,0.0378,0.000322,0.755,0.122,0.763,102.928,audio_features,0PFYDTeSWUyuaE0ZHHaX4K,spotify:track:0PFYDTeSWUyuaE0ZHHaX4K,https://api.spotify.com/v1/tracks/0PFYDTeSWUyuaE0ZHHaX4K,https://api.spotify.com/v1/audio-analysis/0PFYDTeSWUyuaE0ZHHaX4K,219440.0,4.0
92,93, Massachusetts,Boston,Pipe Bomb on Lansdowne Street,the Dropkick Murphys,error,error,error,,,,,,,,,,,,,,,,,,,
93,94, Massachusetts,Boston,Please Come to Boston,Dave Loggins,spotify:track:1pfSKTDigM2xnWG2Y0AquA,50,1974,,0.563,0.418,4.0,-8.503,1.0,0.0287,0.374,0.0,0.102,0.347,133.493,audio_features,1pfSKTDigM2xnWG2Y0AquA,spotify:track:1pfSKTDigM2xnWG2Y0AquA,https://api.spotify.com/v1/tracks/1pfSKTDigM2xnWG2Y0AquA,https://api.spotify.com/v1/audio-analysis/1pfSKTDigM2xnWG2Y0AquA,246080.0,4.0
94,95, Massachusetts,Boston,The Rascal King,The Mighty Mighty Bosstones,spotify:track:13BRH2RILNifFRNTXbLUka,49,1997-01-01,,0.544,0.846,1.0,-5.52,1.0,0.0389,0.00846,2.77e-06,0.192,0.969,88.187,audio_features,13BRH2RILNifFRNTXbLUka,spotify:track:13BRH2RILNifFRNTXbLUka,https://api.spotify.com/v1/tracks/13BRH2RILNifFRNTXbLUka,https://api.spotify.com/v1/audio-analysis/13BRH2RILNifFRNTXbLUka,166133.0,4.0
95,96, Massachusetts,Boston,Ride on Down the Highway,Jonathan Richman (The Modern Lovers),spotify:track:6LBW9FjNh8GTzXni5tijho,17,1994-08-02,,0.583,0.476,7.0,-12.688,1.0,0.0355,0.659,1.95e-06,0.184,0.78,72.855,audio_features,6LBW9FjNh8GTzXni5tijho,spotify:track:6LBW9FjNh8GTzXni5tijho,https://api.spotify.com/v1/tracks/6LBW9FjNh8GTzXni5tijho,https://api.spotify.com/v1/audio-analysis/6LBW9FjNh8GTzXni5tijho,191600.0,4.0
96,97, Massachusetts,Boston,Riot on Broad Street,The Mighty Mighty Bosstones,spotify:track:7gk51fknZfqSSLxfCLvQYv,24,2000-01-01,,0.481,0.953,7.0,-4.863,1.0,0.101,0.00696,0.0,0.122,0.739,133.687,audio_features,7gk51fknZfqSSLxfCLvQYv,spotify:track:7gk51fknZfqSSLxfCLvQYv,https://api.spotify.com/v1/tracks/7gk51fknZfqSSLxfCLvQYv,https://api.spotify.com/v1/audio-analysis/7gk51fknZfqSSLxfCLvQYv,196493.0,4.0
97,98, Massachusetts,Boston,Riverside,The Allstonians,spotify:track:5nIMVZOIP3E0mBFERr7W2P,1,1995-01-01,,0.703,0.597,9.0,-11.16,0.0,0.0656,0.496,0.00217,0.431,0.902,157.745,audio_features,5nIMVZOIP3E0mBFERr7W2P,spotify:track:5nIMVZOIP3E0mBFERr7W2P,https://api.spotify.com/v1/tracks/5nIMVZOIP3E0mBFERr7W2P,https://api.spotify.com/v1/audio-analysis/5nIMVZOIP3E0mBFERr7W2P,198240.0,4.0
98,99, Massachusetts,Boston,Roadrunner,Jonathan Richman (The Modern Lovers),spotify:track:1zMaPLfjieOq8DBr5xDkwF,43,2004-07-19,,0.678,0.755,9.0,-9.324,1.0,0.225,0.363,0.0,0.31,0.435,138.434,audio_features,1zMaPLfjieOq8DBr5xDkwF,spotify:track:1zMaPLfjieOq8DBr5xDkwF,https://api.spotify.com/v1/tracks/1zMaPLfjieOq8DBr5xDkwF,https://api.spotify.com/v1/audio-analysis/1zMaPLfjieOq8DBr5xDkwF,283027.0,4.0
99,100, Massachusetts,Boston,Rock and Roll Band,Boston,spotify:track:5E89Izp4YhPyNShoxiOJ1u,56,1976,,0.487,0.838,4.0,-6.153,1.0,0.0433,0.00343,2.92e-05,0.377,0.655,136.743,audio_features,5E89Izp4YhPyNShoxiOJ1u,spotify:track:5E89Izp4YhPyNShoxiOJ1u,https://api.spotify.com/v1/tracks/5E89Izp4YhPyNShoxiOJ1u,https://api.spotify.com/v1/audio-analysis/5E89Izp4YhPyNShoxiOJ1u,180347.0,4.0
100,101, Massachusetts,Boston,Roslindale,Birdbrain,spotify:track:15aIcv7IhNhejUxksaCge5,0,1995-08-15,,0.282,0.891,7.0,-6.387,1.0,0.0406,0.00126,1.43e-06,0.123,0.415,173.059,audio_features,15aIcv7IhNhejUxksaCge5,spotify:track:15aIcv7IhNhejUxksaCge5,https://api.spotify.com/v1/tracks/15aIcv7IhNhejUxksaCge5,https://api.spotify.com/v1/audio-analysis/15aIcv7IhNhejUxksaCge5,297333.0,4.0
101,102, Massachusetts,Boston,Savin Hill,Street Dogs,spotify:track:1QT18kF46AZaTaonvrN7HM,22,2003-09-23,,0.35,0.905,1.0,-5.999,1.0,0.0629,0.0716,0.0,0.168,0.404,96.959,audio_features,1QT18kF46AZaTaonvrN7HM,spotify:track:1QT18kF46AZaTaonvrN7HM,https://api.spotify.com/v1/tracks/1QT18kF46AZaTaonvrN7HM,https://api.spotify.com/v1/audio-analysis/1QT18kF46AZaTaonvrN7HM,203667.0,4.0
102,103, Massachusetts,Boston,She's From Boston,Kenny Chesney,error,error,error,,,,,,,,,,,,,,,,,,,
103,104, Massachusetts,Boston,She's Got a Boyfriend Now,Boys Like Girls,spotify:track:7L5sWyyQcNa7Hb1Ndc018y,42,2009-09-07,,0.608,0.896,2.0,-2.987,1.0,0.0581,0.00686,0.0,0.5,0.871,130.008,audio_features,7L5sWyyQcNa7Hb1Ndc018y,spotify:track:7L5sWyyQcNa7Hb1Ndc018y,https://api.spotify.com/v1/tracks/7L5sWyyQcNa7Hb1Ndc018y,https://api.spotify.com/v1/audio-analysis/7L5sWyyQcNa7Hb1Ndc018y,245387.0,4.0
104,105, Massachusetts,Boston,Shining On,Big D and the Kids Table,spotify:track:0OZefQEmXd73IIuo1rjMSg,45,2007-03-20,,0.856,0.823,0.0,-4.845,0.0,0.0367,0.137,0.0002,0.0838,0.969,112.039,audio_features,0OZefQEmXd73IIuo1rjMSg,spotify:track:0OZefQEmXd73IIuo1rjMSg,https://api.spotify.com/v1/tracks/0OZefQEmXd73IIuo1rjMSg,https://api.spotify.com/v1/audio-analysis/0OZefQEmXd73IIuo1rjMSg,194093.0,4.0
105,106, Massachusetts,Boston,Shot Heard 'Round the World,Ween (originally from Schoolhouse Rock),spotify:track:34toDvtGot7Ewwr6iCDpst,0,2015-04-25,,0.58,0.784,1.0,-1.72,0.0,0.0413,0.138,2.11e-06,0.385,0.521,94.005,audio_features,34toDvtGot7Ewwr6iCDpst,spotify:track:34toDvtGot7Ewwr6iCDpst,https://api.spotify.com/v1/tracks/34toDvtGot7Ewwr6iCDpst,https://api.spotify.com/v1/audio-analysis/34toDvtGot7Ewwr6iCDpst,153966.0,4.0
106,107, Massachusetts,Boston,Skinhead on the MBTA,the Dropkick Murphys,spotify:track:5AtphKfJ4zmnEXOlZ2dWbW,30,1998,,0.18,0.971,9.0,-3.377,1.0,0.0932,0.00095,0.0,0.552,0.414,168.571,audio_features,5AtphKfJ4zmnEXOlZ2dWbW,spotify:track:5AtphKfJ4zmnEXOlZ2dWbW,https://api.spotify.com/v1/tracks/5AtphKfJ4zmnEXOlZ2dWbW,https://api.spotify.com/v1/audio-analysis/5AtphKfJ4zmnEXOlZ2dWbW,229200.0,4.0
107,108, Massachusetts,Boston,Still In Massachusetts,Refuse Resist,spotify:track:3lTxltATj1ICiId88ZjGFh,0,2008-08-04,,0.421,0.97,2.0,-2.864,1.0,0.0588,0.0175,0.0,0.673,0.414,105.374,audio_features,3lTxltATj1ICiId88ZjGFh,spotify:track:3lTxltATj1ICiId88ZjGFh,https://api.spotify.com/v1/tracks/3lTxltATj1ICiId88ZjGFh,https://api.spotify.com/v1/audio-analysis/3lTxltATj1ICiId88ZjGFh,165533.0,4.0
108,109, Massachusetts,Boston,Southeast of Boston,June of 44,spotify:track:4RTbpCNfC2EBXjp7i7Byyv,7,1999-06-10,,0.558,0.361,9.0,-13.418,1.0,0.0284,0.597,0.00656,0.18,0.322,79.801,audio_features,4RTbpCNfC2EBXjp7i7Byyv,spotify:track:4RTbpCNfC2EBXjp7i7Byyv,https://api.spotify.com/v1/tracks/4RTbpCNfC2EBXjp7i7Byyv,https://api.spotify.com/v1/audio-analysis/4RTbpCNfC2EBXjp7i7Byyv,313427.0,4.0
109,110, Massachusetts,Boston,South End Incident,The Beacon Street Union,error,error,error,,,,,,,,,,,,,,,,,,,
110,111, Massachusetts,Boston,Southie Is My Hometown,Freddie Hall,error,error,error,,,,,,,,,,,,,,,,,,,
111,112, Massachusetts,Boston,The State of Massachusetts,Dropkick Murphys,spotify:track:0kXpvPNNjjPsEGRg3SE0xW,53,2007-09-18,,0.398,0.967,2.0,-3.232,0.0,0.0611,0.000945,5.71e-06,0.18,0.611,111.676,audio_features,0kXpvPNNjjPsEGRg3SE0xW,spotify:track:0kXpvPNNjjPsEGRg3SE0xW,https://api.spotify.com/v1/tracks/0kXpvPNNjjPsEGRg3SE0xW,https://api.spotify.com/v1/audio-analysis/0kXpvPNNjjPsEGRg3SE0xW,232187.0,4.0
112,113, Massachusetts,Boston,Steady Riot,Big D and the Kids Table,spotify:track:59U5xqjxoTaKscW1qIXMXG,24,2007-03-20,,0.414,0.909,9.0,-3.746,1.0,0.105,0.000839,0.000106,0.0862,0.778,88.749,audio_features,59U5xqjxoTaKscW1qIXMXG,spotify:track:59U5xqjxoTaKscW1qIXMXG,https://api.spotify.com/v1/tracks/59U5xqjxoTaKscW1qIXMXG,https://api.spotify.com/v1/audio-analysis/59U5xqjxoTaKscW1qIXMXG,158493.0,4.0
113,114, Massachusetts,Boston,Subway,Mary Lou Lord,spotify:track:4NRtemO1PL8vXq5o1AudtZ,4,1998-01-27,,0.54,0.313,9.0,-9.781,1.0,0.0262,0.622,0.0,0.231,0.211,106.554,audio_features,4NRtemO1PL8vXq5o1AudtZ,spotify:track:4NRtemO1PL8vXq5o1AudtZ,https://api.spotify.com/v1/tracks/4NRtemO1PL8vXq5o1AudtZ,https://api.spotify.com/v1/audio-analysis/4NRtemO1PL8vXq5o1AudtZ,253051.0,3.0
114,115, Massachusetts,Boston,Sweet Ba James,James Taylor,spotify:track:1oht5GevPN9t1T3kG1m1GO,73,1970-02-01,,0.597,0.271,5.0,-17.293,1.0,0.0394,0.766,0.0119,0.0933,0.338,76.271,audio_features,1oht5GevPN9t1T3kG1m1GO,spotify:track:1oht5GevPN9t1T3kG1m1GO,https://api.spotify.com/v1/tracks/1oht5GevPN9t1T3kG1m1GO,https://api.spotify.com/v1/audio-analysis/1oht5GevPN9t1T3kG1m1GO,203613.0,4.0
115,116, Massachusetts,Boston,T DJ,Freezepop,spotify:track:3Vl3oaMGeQHb6gazpJyfpM,8,2001-01-01,,0.805,0.7,7.0,-7.742,1.0,0.0731,0.0533,0.0592,0.104,0.815,149.962,audio_features,3Vl3oaMGeQHb6gazpJyfpM,spotify:track:3Vl3oaMGeQHb6gazpJyfpM,https://api.spotify.com/v1/tracks/3Vl3oaMGeQHb6gazpJyfpM,https://api.spotify.com/v1/audio-analysis/3Vl3oaMGeQHb6gazpJyfpM,205733.0,4.0
116,117, Massachusetts,Boston,Tessie,Dropkick Murphys,spotify:track:27hX5P9TCxw9LW8p8AkwMU,43,2005-07-19,,0.257,0.894,10.0,-3.164,1.0,0.0625,0.0116,0.0,0.295,0.502,141.93,audio_features,27hX5P9TCxw9LW8p8AkwMU,spotify:track:27hX5P9TCxw9LW8p8AkwMU,https://api.spotify.com/v1/tracks/27hX5P9TCxw9LW8p8AkwMU,https://api.spotify.com/v1/audio-analysis/27hX5P9TCxw9LW8p8AkwMU,255533.0,4.0
117,118, Massachusetts,Boston,There's A Black Hole in the Shadow of The Pru,American Nightmare,spotify:track:7c65RCC89K9QFrMjeppNOk,20,2001,,0.421,0.984,10.0,-3.386,0.0,0.2,0.000291,0.0,0.451,0.426,106.844,audio_features,7c65RCC89K9QFrMjeppNOk,spotify:track:7c65RCC89K9QFrMjeppNOk,https://api.spotify.com/v1/tracks/7c65RCC89K9QFrMjeppNOk,https://api.spotify.com/v1/audio-analysis/7c65RCC89K9QFrMjeppNOk,120160.0,4.0
118,119, Massachusetts,Boston,They Came To Boston,The Mighty Mighty Bosstones,spotify:track:7tMe1KDTrcf5SGzRyYwROS,17,1992,,0.449,0.812,9.0,-9.506,1.0,0.067,0.17,0.00766,0.329,0.771,102.848,audio_features,7tMe1KDTrcf5SGzRyYwROS,spotify:track:7tMe1KDTrcf5SGzRyYwROS,https://api.spotify.com/v1/tracks/7tMe1KDTrcf5SGzRyYwROS,https://api.spotify.com/v1/audio-analysis/7tMe1KDTrcf5SGzRyYwROS,211333.0,4.0
119,120, Massachusetts,Boston,"This Is Boston, Not L.A.",The Freeze,spotify:track:698faVtMDwV6RjLqzDzMn6,0,2012-04-11,,0.719,0.245,3.0,-8.104,1.0,0.194,0.871,0.0,0.14,0.688,126.949,audio_features,698faVtMDwV6RjLqzDzMn6,spotify:track:698faVtMDwV6RjLqzDzMn6,https://api.spotify.com/v1/tracks/698faVtMDwV6RjLqzDzMn6,https://api.spotify.com/v1/audio-analysis/698faVtMDwV6RjLqzDzMn6,125600.0,4.0
120,121, Massachusetts,Boston,The Warrior's Code,Dropkick Murphys (subject of the song is boxer Micky Ward),spotify:track:6ivzLSDw82LpxXfToyb0He,55,2005-07-19,,0.342,0.981,3.0,-2.963,1.0,0.146,0.000382,7.25e-06,0.108,0.557,90.957,audio_features,6ivzLSDw82LpxXfToyb0He,spotify:track:6ivzLSDw82LpxXfToyb0He,https://api.spotify.com/v1/tracks/6ivzLSDw82LpxXfToyb0He,https://api.spotify.com/v1/audio-analysis/6ivzLSDw82LpxXfToyb0He,151840.0,4.0
121,122, Massachusetts,Boston,Time To Go,Dropkick Murphys,spotify:track:543QuFu0LhPpbIVdrACJd9,46,2003,,0.362,0.949,0.0,-3.099,1.0,0.0596,0.0196,0.0,0.0854,0.48,114.079,audio_features,543QuFu0LhPpbIVdrACJd9,spotify:track:543QuFu0LhPpbIVdrACJd9,https://api.spotify.com/v1/tracks/543QuFu0LhPpbIVdrACJd9,https://api.spotify.com/v1/audio-analysis/543QuFu0LhPpbIVdrACJd9,173133.0,4.0
122,123, Massachusetts,Boston,Twilight in Boston,Jonathan Richman,spotify:track:3kibjneJCgnKsab2SVRLuy,29,1992-01-01,,0.626,0.0334,7.0,-26.226,1.0,0.0694,0.814,0.0409,0.13,0.427,102.247,audio_features,3kibjneJCgnKsab2SVRLuy,spotify:track:3kibjneJCgnKsab2SVRLuy,https://api.spotify.com/v1/tracks/3kibjneJCgnKsab2SVRLuy,https://api.spotify.com/v1/audio-analysis/3kibjneJCgnKsab2SVRLuy,252027.0,4.0
123,124, Massachusetts,Boston,Two Soldiers,Bob Dylan,spotify:track:0VVt7RZS3yWqMeKyZA9Dsi,22,1993-10-26,,0.377,0.256,2.0,-15.85,1.0,0.0356,0.85,0.00388,0.221,0.221,112.171,audio_features,0VVt7RZS3yWqMeKyZA9Dsi,spotify:track:0VVt7RZS3yWqMeKyZA9Dsi,https://api.spotify.com/v1/tracks/0VVt7RZS3yWqMeKyZA9Dsi,https://api.spotify.com/v1/audio-analysis/0VVt7RZS3yWqMeKyZA9Dsi,342480.0,4.0
124,125, Massachusetts,Boston,UK Girl (Boston Calling),Ellis Paul,spotify:track:055prSaXfUruiWKFOE5Gpk,4,2014-07-04,,0.562,0.756,2.0,-6.0,1.0,0.0274,0.515,2.43e-06,0.0966,0.313,104.045,audio_features,055prSaXfUruiWKFOE5Gpk,spotify:track:055prSaXfUruiWKFOE5Gpk,https://api.spotify.com/v1/tracks/055prSaXfUruiWKFOE5Gpk,https://api.spotify.com/v1/audio-analysis/055prSaXfUruiWKFOE5Gpk,214493.0,4.0
125,126, Massachusetts,Boston,Walkaways,Counting Crows,spotify:track:29aBFvccQbYYmCnEBP27Y8,39,1996-01-01,,0.534,0.285,2.0,-11.717,1.0,0.0386,0.679,0.000499,0.128,0.227,97.141,audio_features,29aBFvccQbYYmCnEBP27Y8,spotify:track:29aBFvccQbYYmCnEBP27Y8,https://api.spotify.com/v1/tracks/29aBFvccQbYYmCnEBP27Y8,https://api.spotify.com/v1/audio-analysis/29aBFvccQbYYmCnEBP27Y8,72160.0,5.0
126,127, Massachusetts,Boston,Walk Up the Street,Jonathan Richman (The Modern Lovers),spotify:track:0gvQ2jlzdtbJuLFDe2O2rK,30,1973,,0.59,0.706,11.0,-9.878,0.0,0.0724,0.21,0.0,0.0877,0.836,145.045,audio_features,0gvQ2jlzdtbJuLFDe2O2rK,spotify:track:0gvQ2jlzdtbJuLFDe2O2rK,https://api.spotify.com/v1/tracks/0gvQ2jlzdtbJuLFDe2O2rK,https://api.spotify.com/v1/audio-analysis/0gvQ2jlzdtbJuLFDe2O2rK,320733.0,4.0
127,128, Massachusetts,Boston,Walkin' Around Boston,Didn't Planet,error,error,error,,,,,,,,,,,,,,,,,,,
128,129, Massachusetts,Boston,Whoever's in New England,Reba McEntire,spotify:track:6uDbVmj2b9QIrWddvadvoM,43,1986-01-01,,0.591,0.174,11.0,-17.425,1.0,0.0317,0.545,4.54e-06,0.107,0.151,75.019,audio_features,6uDbVmj2b9QIrWddvadvoM,spotify:track:6uDbVmj2b9QIrWddvadvoM,https://api.spotify.com/v1/tracks/6uDbVmj2b9QIrWddvadvoM,https://api.spotify.com/v1/audio-analysis/6uDbVmj2b9QIrWddvadvoM,203293.0,4.0
129,130, Massachusetts,Boston,Why Do I,Will Dailey,spotify:track:60Cq5dwdgwrUbFM450MmNT,4,2014-08-26,,0.621,0.797,10.0,-4.856,1.0,0.0446,0.057,2.06e-05,0.35,0.884,112.518,audio_features,60Cq5dwdgwrUbFM450MmNT,spotify:track:60Cq5dwdgwrUbFM450MmNT,https://api.spotify.com/v1/tracks/60Cq5dwdgwrUbFM450MmNT,https://api.spotify.com/v1/audio-analysis/60Cq5dwdgwrUbFM450MmNT,163510.0,3.0
130,131, Massachusetts,Boston,Wicked Little Critta,They Might Be Giants,spotify:track:6FTy1YqZl0oQKUVEWZqJyE,15,2001-09-11,,0.812,0.791,0.0,-9.968,1.0,0.124,0.0643,0.0899,0.243,0.591,97.995,audio_features,6FTy1YqZl0oQKUVEWZqJyE,spotify:track:6FTy1YqZl0oQKUVEWZqJyE,https://api.spotify.com/v1/tracks/6FTy1YqZl0oQKUVEWZqJyE,https://api.spotify.com/v1/audio-analysis/6FTy1YqZl0oQKUVEWZqJyE,131960.0,4.0
131,132, Massachusetts,Boston,Winter Afternoon  B.U. in Boston,Jonathan Richman,spotify:track:3IBQwNQVXXRThzoUpHgE9h,7,2010-11-09,,0.817,0.489,11.0,-17.514,0.0,0.0333,0.806,0.821,0.091,0.91,120.806,audio_features,3IBQwNQVXXRThzoUpHgE9h,spotify:track:3IBQwNQVXXRThzoUpHgE9h,https://api.spotify.com/v1/tracks/3IBQwNQVXXRThzoUpHgE9h,https://api.spotify.com/v1/audio-analysis/3IBQwNQVXXRThzoUpHgE9h,241973.0,4.0
132,133, Massachusetts,Boston,Young New England,Transit,spotify:track:5lnOifvD9NZKbvB0g7VfcR,36,2013-04-02,,0.639,0.616,8.0,-5.551,1.0,0.0302,0.212,0.0,0.229,0.859,99.94,audio_features,5lnOifvD9NZKbvB0g7VfcR,spotify:track:5lnOifvD9NZKbvB0g7VfcR,https://api.spotify.com/v1/tracks/5lnOifvD9NZKbvB0g7VfcR,https://api.spotify.com/v1/audio-analysis/5lnOifvD9NZKbvB0g7VfcR,230520.0,4.0
