,Unnamed: 0,Unnamed: 0.1,state,city,song,artist,uris,popularity,date,Unnamed: 9,Unnamed: 10,Unnamed: 11,Unnamed: 12,Unnamed: 13,Unnamed: 14,Unnamed: 15,Unnamed: 16,Unnamed: 17,Unnamed: 18,Unnamed: 19,Unnamed: 20,Unnamed: 21,Unnamed: 22,Unnamed: 23,Unnamed: 24,Unnamed: 25,Unnamed: 26,error,danceability,energy,key,loudness,mode,speechiness,acousticness,instrumentalness,liveness,valence,tempo,type,id,uri,track_href,analysis_url,duration_ms,time_signature,error
0,0,0.0, New Mexico,Albuquerque,Albuquerque,Neil Young,spotify:track:6nsxXdOAjeosqcGGsmPjnN,35,1975-06-01,,,,,,,,,,,,,,,,,,,,0.461,0.307,2.0,-14.34,1.0,0.0266,0.287,0.0371,0.108,0.225,134.965,audio_features,6nsxXdOAjeosqcGGsmPjnN,spotify:track:6nsxXdOAjeosqcGGsmPjnN,https://api.spotify.com/v1/tracks/6nsxXdOAjeosqcGGsmPjnN,https://api.spotify.com/v1/audio-analysis/6nsxXdOAjeosqcGGsmPjnN,241176.0,4.0,
1,1,1.0, New Mexico,Albuquerque,Albuquerque,Sons of the Desert,spotify:track:4qtUVRGt8R28Ie7QI5Vn5O,9,2000-01-01,,,,,,,,,,,,,,,,,,,,0.456,0.663,6.0,-5.959,0.0,0.0252,0.00464,3.97e-05,0.235,0.496,171.935,audio_features,4qtUVRGt8R28Ie7QI5Vn5O,spotify:track:4qtUVRGt8R28Ie7QI5Vn5O,https://api.spotify.com/v1/tracks/4qtUVRGt8R28Ie7QI5Vn5O,https://api.spotify.com/v1/audio-analysis/4qtUVRGt8R28Ie7QI5Vn5O,199560.0,4.0,
2,2,2.0, New Mexico,Albuquerque,Albuquerque,"""Weird"" Al Yankovic",spotify:track:2Ec0liSMY2h4XORHyzKCmY,39,1999-06-29,,,,,,,,,,,,,,,,,,,,0.618,0.768,10.0,-9.881,1.0,0.32,0.0826,0.0,0.0907,0.62,186.599,audio_features,2Ec0liSMY2h4XORHyzKCmY,spotify:track:2Ec0liSMY2h4XORHyzKCmY,https://api.spotify.com/v1/tracks/2Ec0liSMY2h4XORHyzKCmY,https://api.spotify.com/v1/audio-analysis/2Ec0liSMY2h4XORHyzKCmY,682947.0,4.0,
3,3,3.0, New Mexico,Albuquerque,Blue Bedroom,To Keith,spotify:track:0elXsqvn9hJOoEB7Vr4wsv,22,1999-01-01,,,,,,,,,,,,,,,,,,,,0.717,0.646,4.0,-7.996,1.0,0.0288,0.0308,0.000888,0.101,0.537,120.578,audio_features,0elXsqvn9hJOoEB7Vr4wsv,spotify:track:0elXsqvn9hJOoEB7Vr4wsv,https://api.spotify.com/v1/tracks/0elXsqvn9hJOoEB7Vr4wsv,https://api.spotify.com/v1/audio-analysis/0elXsqvn9hJOoEB7Vr4wsv,210160.0,4.0,
4,4,4.0, New Mexico,Albuquerque,Bring Em Out,T.I.,spotify:track:3CcvahnsiArpTHYQEWV2Au,63,2004-11-28,,,,,,,,,,,,,,,,,,,,0.759,0.891,11.0,-2.983,1.0,0.257,0.0298,0.0,0.141,0.587,98.579,audio_features,3CcvahnsiArpTHYQEWV2Au,spotify:track:3CcvahnsiArpTHYQEWV2Au,https://api.spotify.com/v1/tracks/3CcvahnsiArpTHYQEWV2Au,https://api.spotify.com/v1/audio-analysis/3CcvahnsiArpTHYQEWV2Au,216707.0,4.0,
5,5,5.0, New Mexico,Albuquerque,By the Time I Get to Phoenix,"Frank Sinatra, Dean Martin, Roger Miller, Engelbert Humperdinck, Johnny Rivers",spotify:track:0Wp69ItpnYe4jyxekLdLnT,22,1968-11,,,,,,,,,,,,,,,,,,,,0.272,0.0859,1.0,-24.018,1.0,0.0335,0.902,0.0101,0.119,0.229,136.725,audio_features,0Wp69ItpnYe4jyxekLdLnT,spotify:track:0Wp69ItpnYe4jyxekLdLnT,https://api.spotify.com/v1/tracks/0Wp69ItpnYe4jyxekLdLnT,https://api.spotify.com/v1/audio-analysis/0Wp69ItpnYe4jyxekLdLnT,234560.0,4.0,
6,6,6.0, New Mexico,Albuquerque,Cowboy Movie,David Cros,spotify:track:5ZoI4tXPZzcN7PIVmxO7kF,45,1971-02-22,,,,,,,,,,,,,,,,,,,,0.325,0.629,2.0,-12.499,1.0,0.0614,0.00607,1.83e-05,0.136,0.512,80.898,audio_features,5ZoI4tXPZzcN7PIVmxO7kF,spotify:track:5ZoI4tXPZzcN7PIVmxO7kF,https://api.spotify.com/v1/tracks/5ZoI4tXPZzcN7PIVmxO7kF,https://api.spotify.com/v1/audio-analysis/5ZoI4tXPZzcN7PIVmxO7kF,491400.0,4.0,
7,7,7.0, New Mexico,Albuquerque,Get Your Kicks on Route 66,Perry Como,error,error,error,,,,,,,,,,,,,,,,,,,,,,,,,,,,,,,,,,,,,,
8,8,8.0, New Mexico,Albuquerque,I Hope Your Whole Life Sux,Blackbear,spotify:track:4uVslVnCNW0wkBxUmtqeVn,54,2017-11-27,,,,,,,,,,,,,,,,,,,,0.699,0.645,1.0,-5.862,0.0,0.199,0.27,0.0,0.0686,0.696,133.942,audio_features,4uVslVnCNW0wkBxUmtqeVn,spotify:track:4uVslVnCNW0wkBxUmtqeVn,https://api.spotify.com/v1/tracks/4uVslVnCNW0wkBxUmtqeVn,https://api.spotify.com/v1/audio-analysis/4uVslVnCNW0wkBxUmtqeVn,179186.0,4.0,
9,9,9.0, New Mexico,Albuquerque,Make it Clap,Busta Rhymes,spotify:track:6NM525U7IB4Zhpn8d921uX,47,2002-11-26,,,,,,,,,,,,,,,,,,,,0.736,0.741,1.0,-4.458,0.0,0.392,0.0691,0.0,0.053,0.95,121.328,audio_features,6NM525U7IB4Zhpn8d921uX,spotify:track:6NM525U7IB4Zhpn8d921uX,https://api.spotify.com/v1/tracks/6NM525U7IB4Zhpn8d921uX,https://api.spotify.com/v1/audio-analysis/6NM525U7IB4Zhpn8d921uX,243040.0,5.0,
10,10,10.0, New Mexico,Albuquerque,Space Between Us,Sister Hazel,spotify:track:2TXbRtVpJuw05Dx1N59OtA,5,1994-01-01,,,,,,,,,,,,,,,,,,,,0.699,0.721,7.0,-8.434,1.0,0.122,0.0334,2.47e-05,0.941,0.66,127.495,audio_features,2TXbRtVpJuw05Dx1N59OtA,spotify:track:2TXbRtVpJuw05Dx1N59OtA,https://api.spotify.com/v1/tracks/2TXbRtVpJuw05Dx1N59OtA,https://api.spotify.com/v1/audio-analysis/2TXbRtVpJuw05Dx1N59OtA,304000.0,4.0,
11,11,11.0, New Mexico,Albuquerque,The King of Rock 'n' Roll,Prefab Sprout,spotify:track:6QIlvgk2Q2EyalaneqSuqX,49,1988-03-14,,,,,,,,,,,,,,,,,,,,0.821,0.666,5.0,-9.067,0.0,0.0434,0.3,1.07e-06,0.0753,0.907,130.098,audio_features,6QIlvgk2Q2EyalaneqSuqX,spotify:track:6QIlvgk2Q2EyalaneqSuqX,https://api.spotify.com/v1/tracks/6QIlvgk2Q2EyalaneqSuqX,https://api.spotify.com/v1/audio-analysis/6QIlvgk2Q2EyalaneqSuqX,262133.0,4.0,
12,12,12.0, New Mexico,Albuquerque,Point Me in the Direction of Albuquerque,Tony Romeo,error,error,error,,,,,,,,,,,,,,,,,,,,,,,,,,,,,,,,,,,,,,
13,13,13.0, New Mexico,Albuquerque,The Promised Land,Chuck Berry,spotify:track:4p6j060XRLr7XCeACQLSCe,13,2006-04-18,,,,,,,,,,,,,,,,,,,,0.475,0.892,0.0,-6.61,1.0,0.0651,0.756,0.0,0.769,0.962,166.826,audio_features,4p6j060XRLr7XCeACQLSCe,spotify:track:4p6j060XRLr7XCeACQLSCe,https://api.spotify.com/v1/tracks/4p6j060XRLr7XCeACQLSCe,https://api.spotify.com/v1/audio-analysis/4p6j060XRLr7XCeACQLSCe,143373.0,4.0,
14,14,14.0, New Mexico,Albuquerque,Train Kept A Rollin',Stray Cats,spotify:track:6KXWZSsrKUXPdfDCTElPoD,27,2004-11-09,,,,,,,,,,,,,,,,,,,,0.607,0.882,4.0,-8.149,1.0,0.106,0.0989,0.0,0.0741,0.585,128.272,audio_features,6KXWZSsrKUXPdfDCTElPoD,spotify:track:6KXWZSsrKUXPdfDCTElPoD,https://api.spotify.com/v1/tracks/6KXWZSsrKUXPdfDCTElPoD,https://api.spotify.com/v1/audio-analysis/6KXWZSsrKUXPdfDCTElPoD,252480.0,4.0,
15,15,15.0, New Mexico,Albuquerque,Wanted Man,"Johnny Cash, Bob Dylan, Nick Cave",spotify:track:52rWZajfmiprmZklqkpXAR,48,1971-02-06,,,,,,,,,,,,,,,,,,,,0.713,0.459,2.0,-10.796,1.0,0.0496,0.414,1.98e-05,0.117,0.755,91.384,audio_features,52rWZajfmiprmZklqkpXAR,spotify:track:52rWZajfmiprmZklqkpXAR,https://api.spotify.com/v1/tracks/52rWZajfmiprmZklqkpXAR,https://api.spotify.com/v1/audio-analysis/52rWZajfmiprmZklqkpXAR,170840.0,4.0,
16,16,16.0, New Mexico,Santa Fe,Amarillo  Morning,George Strait,spotify:track:4TnUKixNWMfajncgdSwFoi,69,1982-01-01,,,,,,,,,,,,,,,,,,,,0.606,0.361,9.0,-16.031,1.0,0.0346,0.264,3.39e-05,0.38,0.621,121.059,audio_features,4TnUKixNWMfajncgdSwFoi,spotify:track:4TnUKixNWMfajncgdSwFoi,https://api.spotify.com/v1/tracks/4TnUKixNWMfajncgdSwFoi,https://api.spotify.com/v1/audio-analysis/4TnUKixNWMfajncgdSwFoi,173467.0,4.0,
17,17,17.0, New Mexico,Santa Fe,Drive By,Train,spotify:track:0KAiuUOrLTIkzkpfpn9jb9,75,2012-04-17,,,,,,,,,,,,,,,,,,,,0.765,0.837,1.0,-3.113,0.0,0.032,0.00107,1.06e-05,0.0801,0.721,122.028,audio_features,0KAiuUOrLTIkzkpfpn9jb9,spotify:track:0KAiuUOrLTIkzkpfpn9jb9,https://api.spotify.com/v1/tracks/0KAiuUOrLTIkzkpfpn9jb9,https://api.spotify.com/v1/audio-analysis/0KAiuUOrLTIkzkpfpn9jb9,195973.0,4.0,
18,18,18.0, New Mexico,Santa Fe,Santa Fe,Bon Jovi,spotify:track:1wmaAfrbe1JLiyt7SpZeQU,52,1990-01-01,,,,,,,,,,,,,,,,,,,,0.518,0.507,3.0,-9.693,0.0,0.0295,0.126,0.0,0.0457,0.299,140.106,audio_features,1wmaAfrbe1JLiyt7SpZeQU,spotify:track:1wmaAfrbe1JLiyt7SpZeQU,https://api.spotify.com/v1/tracks/1wmaAfrbe1JLiyt7SpZeQU,https://api.spotify.com/v1/audio-analysis/1wmaAfrbe1JLiyt7SpZeQU,341667.0,4.0,
19,19,19.0, New Mexico,Santa Fe,Santa Fe,The Bellamy Brothers,spotify:track:3FHXKNXu9NRBJ8oijReUPq,14,2017-06-16,,,,,,,,,,,,,,,,,,,,0.479,0.434,0.0,-6.547,1.0,0.0244,0.148,0.0,0.128,0.216,142.525,audio_features,3FHXKNXu9NRBJ8oijReUPq,spotify:track:3FHXKNXu9NRBJ8oijReUPq,https://api.spotify.com/v1/tracks/3FHXKNXu9NRBJ8oijReUPq,https://api.spotify.com/v1/audio-analysis/3FHXKNXu9NRBJ8oijReUPq,223280.0,4.0,
20,20,20.0, New Mexico,Santa Fe,Santa Fe,The Bluescasters,spotify:track:0UrWr1671EJaTfJMhMvyTs,7,2010-01-07,,,,,,,,,,,,,,,,,,,,0.471,0.893,4.0,-8.289,1.0,0.0875,0.135,0.000439,0.685,0.532,139.357,audio_features,0UrWr1671EJaTfJMhMvyTs,spotify:track:0UrWr1671EJaTfJMhMvyTs,https://api.spotify.com/v1/tracks/0UrWr1671EJaTfJMhMvyTs,https://api.spotify.com/v1/audio-analysis/0UrWr1671EJaTfJMhMvyTs,291427.0,4.0,
21,21,21.0, New Mexico,Santa Fe,Santa Fe,Beirut,spotify:track:3gQZdiGlObKaY274Q3lnoH,56,2011-08-30,,,,,,,,,,,,,,,,,,,,0.728,0.679,11.0,-6.764,1.0,0.0271,0.299,0.00787,0.11,0.953,131.716,audio_features,3gQZdiGlObKaY274Q3lnoH,spotify:track:3gQZdiGlObKaY274Q3lnoH,https://api.spotify.com/v1/tracks/3gQZdiGlObKaY274Q3lnoH,https://api.spotify.com/v1/audio-analysis/3gQZdiGlObKaY274Q3lnoH,254387.0,4.0,
22,22,22.0, New Mexico,Santa Fe,Santa Fe,from Newsies,spotify:track:4KFIoI4qGOc3qnzTgXJBvb,1,2016-08-15,,,,,,,,,,,,,,,,,,,,0.519,0.216,10.0,-14.09,1.0,0.0647,0.931,0.0,0.0938,0.301,70.127,audio_features,4KFIoI4qGOc3qnzTgXJBvb,spotify:track:4KFIoI4qGOc3qnzTgXJBvb,https://api.spotify.com/v1/tracks/4KFIoI4qGOc3qnzTgXJBvb,https://api.spotify.com/v1/audio-analysis/4KFIoI4qGOc3qnzTgXJBvb,182854.0,3.0,
23,23,23.0, New Mexico,Santa Fe,Santa Fe,from Rent,spotify:track:03oRiX5lPxkiTbGsuJ9PDa,12,2005-09-27,,,,,,,,,,,,,,,,,,,,0.697,0.56,9.0,-6.926,1.0,0.121,0.594,1.71e-06,0.112,0.448,157.521,audio_features,03oRiX5lPxkiTbGsuJ9PDa,spotify:track:03oRiX5lPxkiTbGsuJ9PDa,https://api.spotify.com/v1/tracks/03oRiX5lPxkiTbGsuJ9PDa,https://api.spotify.com/v1/audio-analysis/03oRiX5lPxkiTbGsuJ9PDa,207640.0,3.0,
24,24,24.0, New Mexico,Santa Fe,Santa Fe,Bob Dylan,spotify:track:3kDONxMPikzWNH8Ax32vED,24,1991-03-26,,,,,,,,,,,,,,,,,,,,0.332,0.591,9.0,-9.209,1.0,0.0822,0.909,0.0119,0.179,0.854,187.443,audio_features,3kDONxMPikzWNH8Ax32vED,spotify:track:3kDONxMPikzWNH8Ax32vED,https://api.spotify.com/v1/tracks/3kDONxMPikzWNH8Ax32vED,https://api.spotify.com/v1/audio-analysis/3kDONxMPikzWNH8Ax32vED,128333.0,4.0,
25,25,25.0, New Mexico,Santa Fe,Me and My Uncle,Grateful Dead,spotify:track:2mliKZOmPLLA5CmylylPzI,34,2013-09-13,,,,,,,,,,,,,,,,,,,,0.729,0.722,11.0,-11.581,0.0,0.0353,0.755,0.374,0.14,0.871,111.558,audio_features,2mliKZOmPLLA5CmylylPzI,spotify:track:2mliKZOmPLLA5CmylylPzI,https://api.spotify.com/v1/tracks/2mliKZOmPLLA5CmylylPzI,https://api.spotify.com/v1/audio-analysis/2mliKZOmPLLA5CmylylPzI,195640.0,4.0,
26,26,26.0, New Mexico,Santa Fe,Oblivion,Mudhoney,spotify:track:3m73gfjtOCff0g6FnBiwrF,11,1998-09-11,,,,,,,,,,,,,,,,,,,,0.318,0.75,6.0,-6.99,0.0,0.064,0.00222,0.000236,0.447,0.335,133.812,audio_features,3m73gfjtOCff0g6FnBiwrF,spotify:track:3m73gfjtOCff0g6FnBiwrF,https://api.spotify.com/v1/tracks/3m73gfjtOCff0g6FnBiwrF,https://api.spotify.com/v1/audio-analysis/3m73gfjtOCff0g6FnBiwrF,207560.0,4.0,
27,27,27.0, New Mexico,Santa Fe,Gone to Santa Fe,David Wilcox,spotify:track:5DQgyXfLsbeX2fRnwA0rTt,2,1987-08-28,,,,,,,,,,,,,,,,,,,,0.562,0.396,9.0,-14.217,1.0,0.166,0.784,0.0,0.0995,0.579,142.804,audio_features,5DQgyXfLsbeX2fRnwA0rTt,spotify:track:5DQgyXfLsbeX2fRnwA0rTt,https://api.spotify.com/v1/tracks/5DQgyXfLsbeX2fRnwA0rTt,https://api.spotify.com/v1/audio-analysis/5DQgyXfLsbeX2fRnwA0rTt,175427.0,4.0,
28,28,28.0, New Mexico,Santa Fe,"Hair of Gold, Eyes of Blue",Frank Sinatra,spotify:track:1zsSJk3hb2fvTaLx18SEW4,0,1965,,,,,,,,,,,,,,,,,,,,0.666,0.436,5.0,-10.561,1.0,0.0375,0.845,0.947,0.0666,0.791,91.34,audio_features,1zsSJk3hb2fvTaLx18SEW4,spotify:track:1zsSJk3hb2fvTaLx18SEW4,https://api.spotify.com/v1/tracks/1zsSJk3hb2fvTaLx18SEW4,https://api.spotify.com/v1/audio-analysis/1zsSJk3hb2fvTaLx18SEW4,117493.0,4.0,
29,29,29.0, New Mexico,Santa Fe,Coyote,Better Than Ezra,spotify:track:4nepaN1egb6j23LB39I7Rh,18,1995-02-28,,,,,,,,,,,,,,,,,,,,0.442,0.301,7.0,-11.416,1.0,0.0589,0.00644,0.00897,0.214,0.723,118.859,audio_features,4nepaN1egb6j23LB39I7Rh,spotify:track:4nepaN1egb6j23LB39I7Rh,https://api.spotify.com/v1/tracks/4nepaN1egb6j23LB39I7Rh,https://api.spotify.com/v1/audio-analysis/4nepaN1egb6j23LB39I7Rh,373560.0,4.0,
30,30,30.0, New Mexico,Santa Fe,G.I. Five,Johnny Mercer,spotify:track:0n9ADfQmP3mfglcD8l3RvX,0,2005-04-20,,,,,,,,,,,,,,,,,,,,0.647,0.462,0.0,-10.449,1.0,0.898,0.961,0.000693,0.65,0.652,105.36,audio_features,0n9ADfQmP3mfglcD8l3RvX,spotify:track:0n9ADfQmP3mfglcD8l3RvX,https://api.spotify.com/v1/tracks/0n9ADfQmP3mfglcD8l3RvX,https://api.spotify.com/v1/audio-analysis/0n9ADfQmP3mfglcD8l3RvX,323973.0,4.0,
31,31,31.0, New Mexico,Santa Fe,Lose That Girl,Saint Etienne,spotify:track:4QxOUtAmw5p2R14BKArkIH,24,1998-01-01,,,,,,,,,,,,,,,,,,,,0.646,0.92,7.0,-4.827,0.0,0.0269,0.00934,0.00159,0.108,0.939,140.302,audio_features,4QxOUtAmw5p2R14BKArkIH,spotify:track:4QxOUtAmw5p2R14BKArkIH,https://api.spotify.com/v1/tracks/4QxOUtAmw5p2R14BKArkIH,https://api.spotify.com/v1/audio-analysis/4QxOUtAmw5p2R14BKArkIH,243333.0,4.0,
32,32,32.0, New Mexico,Santa Fe,New Mexico's no Breeze,Iron & Wine,spotify:track:6EvFPkPbgkV7jDNFGGxoaq,24,2013-04-16,,,,,,,,,,,,,,,,,,,,0.596,0.538,5.0,-9.692,1.0,0.0255,0.322,0.002,0.113,0.745,133.818,audio_features,6EvFPkPbgkV7jDNFGGxoaq,spotify:track:6EvFPkPbgkV7jDNFGGxoaq,https://api.spotify.com/v1/tracks/6EvFPkPbgkV7jDNFGGxoaq,https://api.spotify.com/v1/audio-analysis/6EvFPkPbgkV7jDNFGGxoaq,267720.0,4.0,
33,33,33.0, New Mexico,Santa Fe,Midnight Train,Charlie Daniels Band,spotify:track:6bfo2lxh8b1DjuQvUA82fY,19,1988,,,,,,,,,,,,,,,,,,,,0.56,0.793,9.0,-11.745,1.0,0.0437,0.00905,1.95e-06,0.358,0.773,142.804,audio_features,6bfo2lxh8b1DjuQvUA82fY,spotify:track:6bfo2lxh8b1DjuQvUA82fY,https://api.spotify.com/v1/tracks/6bfo2lxh8b1DjuQvUA82fY,https://api.spotify.com/v1/audio-analysis/6bfo2lxh8b1DjuQvUA82fY,258400.0,4.0,
34,34,34.0, New Mexico,Tucumcari,Coyote,Better Than Ezra,spotify:track:4nepaN1egb6j23LB39I7Rh,18,1995-02-28,,,,,,,,,,,,,,,,,,,,0.442,0.301,7.0,-11.416,1.0,0.0589,0.00644,0.00897,0.214,0.723,118.859,audio_features,4nepaN1egb6j23LB39I7Rh,spotify:track:4nepaN1egb6j23LB39I7Rh,https://api.spotify.com/v1/tracks/4nepaN1egb6j23LB39I7Rh,https://api.spotify.com/v1/audio-analysis/4nepaN1egb6j23LB39I7Rh,373560.0,4.0,
35,35,35.0, New Mexico,Tucumcari,Dead End Diner,Lost Dogs,error,error,error,,,,,,,,,,,,,,,,,,,,,,,,,,,,,,,,,,,,,,
36,36,36.0, New Mexico,Tucumcari,Goode Tennessee,Jim Post,spotify:track:08g83Vsv5SGL8NuK94JvLr,4,1997-01-01,,,,,,,,,,,,,,,,,,,,0.509,0.715,7.0,-8.885,1.0,0.0421,0.312,0.0,0.337,0.899,172.388,audio_features,08g83Vsv5SGL8NuK94JvLr,spotify:track:08g83Vsv5SGL8NuK94JvLr,https://api.spotify.com/v1/tracks/08g83Vsv5SGL8NuK94JvLr,https://api.spotify.com/v1/audio-analysis/08g83Vsv5SGL8NuK94JvLr,194533.0,4.0,
37,37,37.0, New Mexico,Tucumcari,Hungry Man,Louis Jordan,spotify:track:1tJinqXEWcCqRlJ9fVsmf1,6,2007-03-20,,,,,,,,,,,,,,,,,,,,0.663,0.624,0.0,-7.519,1.0,0.0893,0.323,0.0,0.0505,0.69,114.573,audio_features,1tJinqXEWcCqRlJ9fVsmf1,spotify:track:1tJinqXEWcCqRlJ9fVsmf1,https://api.spotify.com/v1/tracks/1tJinqXEWcCqRlJ9fVsmf1,https://api.spotify.com/v1/audio-analysis/1tJinqXEWcCqRlJ9fVsmf1,390947.0,3.0,
38,38,38.0, New Mexico,Tucumcari,I Don't Care,Justin Townes Earle,spotify:track:2ElL60w27sTQ4SaSEcXFO0,21,2008-03-25,,,,,,,,,,,,,,,,,,,,0.394,0.453,1.0,-8.456,1.0,0.0343,0.639,0.0,0.102,0.697,198.121,audio_features,2ElL60w27sTQ4SaSEcXFO0,spotify:track:2ElL60w27sTQ4SaSEcXFO0,https://api.spotify.com/v1/tracks/2ElL60w27sTQ4SaSEcXFO0,https://api.spotify.com/v1/audio-analysis/2ElL60w27sTQ4SaSEcXFO0,114573.0,4.0,
39,39,39.0, New Mexico,Tucumcari,Il Treno a Tucumcari,Bloodhorse,spotify:track:0Leiz97oLnz3iFvRdWmtYO,1,2007-07-24,,,,,,,,,,,,,,,,,,,,0.183,0.898,10.0,-6.565,0.0,0.0614,6.84e-05,0.429,0.26,0.156,104.901,audio_features,0Leiz97oLnz3iFvRdWmtYO,spotify:track:0Leiz97oLnz3iFvRdWmtYO,https://api.spotify.com/v1/tracks/0Leiz97oLnz3iFvRdWmtYO,https://api.spotify.com/v1/audio-analysis/0Leiz97oLnz3iFvRdWmtYO,259760.0,4.0,
40,40,40.0, New Mexico,Tucumcari,Last Hobo,John Denver,spotify:track:5zWfU0cxr742qWXL8KbNyE,11,1997-08-26,,,,,,,,,,,,,,,,,,,,0.543,0.427,4.0,-11.528,1.0,0.0331,0.0198,5.97e-05,0.38,0.532,76.747,audio_features,5zWfU0cxr742qWXL8KbNyE,spotify:track:5zWfU0cxr742qWXL8KbNyE,https://api.spotify.com/v1/tracks/5zWfU0cxr742qWXL8KbNyE,https://api.spotify.com/v1/audio-analysis/5zWfU0cxr742qWXL8KbNyE,200493.0,4.0,
41,41,41.0, New Mexico,Tucumcari,Ode to the Road,By Larry Gatlin,error,error,error,,,,,,,,,,,,,,,,,,,,,,,,,,,,,,,,,,,,,,
42,42,42.0, New Mexico,Tucumcari,Route 40,Leslie Fish,error,error,error,,,,,,,,,,,,,,,,,,,,,,,,,,,,,,,,,,,,,,
43,43,43.0, New Mexico,Tucumcari,Route 66,Perry Como,spotify:track:2OoEgzwoCVJ4LP4x86eBdG,0,2011-12-02,,,,,,,,,,,,,,,,,,,,0.663,0.49,7.0,-9.423,1.0,0.0471,0.655,0.000103,0.181,0.521,150.932,audio_features,2OoEgzwoCVJ4LP4x86eBdG,spotify:track:2OoEgzwoCVJ4LP4x86eBdG,https://api.spotify.com/v1/tracks/2OoEgzwoCVJ4LP4x86eBdG,https://api.spotify.com/v1/audio-analysis/2OoEgzwoCVJ4LP4x86eBdG,296594.0,4.0,
44,44,44.0, New Mexico,Tucumcari,Truckstop Gospel,Parker Millsap,spotify:track:148SoRvuBBJrp32LMS4aEk,30,2014-02-04,,,,,,,,,,,,,,,,,,,,0.497,0.855,9.0,-3.714,1.0,0.0521,0.0742,2.97e-05,0.255,0.855,176.062,audio_features,148SoRvuBBJrp32LMS4aEk,spotify:track:148SoRvuBBJrp32LMS4aEk,https://api.spotify.com/v1/tracks/148SoRvuBBJrp32LMS4aEk,https://api.spotify.com/v1/audio-analysis/148SoRvuBBJrp32LMS4aEk,242507.0,4.0,
45,45,45.0, New Mexico,Tucumcari,Tucumcari,Cex,spotify:track:1O3D6X3TUTJbKejcPPH11n,1,2006-01-01,,,,,,,,,,,,,,,,,,,,0.0637,0.177,2.0,-17.256,0.0,0.0411,0.971,0.899,0.117,0.0363,68.924,audio_features,1O3D6X3TUTJbKejcPPH11n,spotify:track:1O3D6X3TUTJbKejcPPH11n,https://api.spotify.com/v1/tracks/1O3D6X3TUTJbKejcPPH11n,https://api.spotify.com/v1/audio-analysis/1O3D6X3TUTJbKejcPPH11n,284147.0,4.0,
46,46,46.0, New Mexico,Tucumcari,Tucumcari,Freedy Johnston,error,error,error,,,,,,,,,,,,,,,,,,,,,,,,,,,,,,,,,,,,,,
47,47,47.0, New Mexico,Tucumcari,Tucumcari,Hugues Aufray,spotify:track:0I5LIDeb1OquaJDzDyeE2q,0,2019-05-15,,,,,,,,,,,,,,,,,,,,0.758,0.468,9.0,-10.592,0.0,0.0486,0.747,0.0,0.29,0.842,113.177,audio_features,0I5LIDeb1OquaJDzDyeE2q,spotify:track:0I5LIDeb1OquaJDzDyeE2q,https://api.spotify.com/v1/tracks/0I5LIDeb1OquaJDzDyeE2q,https://api.spotify.com/v1/audio-analysis/0I5LIDeb1OquaJDzDyeE2q,125371.0,4.0,
48,48,48.0, New Mexico,Tucumcari,Tucumcari,Jimmie Rodgers,spotify:track:1kkA3PE0tEezpqh7VYEo54,8,1990,,,,,,,,,,,,,,,,,,,,0.708,0.3,9.0,-13.601,0.0,0.0314,0.664,0.0,0.0827,0.965,105.069,audio_features,1kkA3PE0tEezpqh7VYEo54,spotify:track:1kkA3PE0tEezpqh7VYEo54,https://api.spotify.com/v1/tracks/1kkA3PE0tEezpqh7VYEo54,https://api.spotify.com/v1/audio-analysis/1kkA3PE0tEezpqh7VYEo54,135267.0,4.0,
49,49,49.0, New Mexico,Tucumcari,Tucumcari,Randy Kaplan,spotify:track:1Tebw7GAicZGorAY6KizqC,0,2008-01-01,,,,,,,,,,,,,,,,,,,,0.557,0.865,9.0,-7.752,0.0,0.052,0.375,0.0,0.099,0.82,167.579,audio_features,1Tebw7GAicZGorAY6KizqC,spotify:track:1Tebw7GAicZGorAY6KizqC,https://api.spotify.com/v1/tracks/1Tebw7GAicZGorAY6KizqC,https://api.spotify.com/v1/audio-analysis/1Tebw7GAicZGorAY6KizqC,231773.0,4.0,
50,50,50.0, New Mexico,Tucumcari,"Tucumcari, Here I Come",Dale Watson,spotify:track:12txb2RWKAcNm5v3SJzPgY,4,2001-07-07,,,,,,,,,,,,,,,,,,,,0.713,0.766,7.0,-8.804,1.0,0.0414,0.598,0.0295,0.102,0.902,80.739,audio_features,12txb2RWKAcNm5v3SJzPgY,spotify:track:12txb2RWKAcNm5v3SJzPgY,https://api.spotify.com/v1/tracks/12txb2RWKAcNm5v3SJzPgY,https://api.spotify.com/v1/audio-analysis/12txb2RWKAcNm5v3SJzPgY,172600.0,4.0,
51,51,51.0, New Mexico,Tucumcari,Tucumcari Woman,Dan Roberts,spotify:track:0qvjywyKxvIpPmnUGQYmxb,1,2004-08-01,,,,,,,,,,,,,,,,,,,,0.757,0.54,5.0,-7.731,1.0,0.032,0.324,5.62e-05,0.111,0.836,144.875,audio_features,0qvjywyKxvIpPmnUGQYmxb,spotify:track:0qvjywyKxvIpPmnUGQYmxb,https://api.spotify.com/v1/tracks/0qvjywyKxvIpPmnUGQYmxb,https://api.spotify.com/v1/audio-analysis/0qvjywyKxvIpPmnUGQYmxb,193440.0,4.0,
52,52,52.0, New Mexico,Tucumcari,Two-Gun Harry from Tucumcari,Dorothy Shay,spotify:track:7jcwlFGOfRfu4Z4mcYcu2y,0,2019-03-22,,,,,,,,,,,,,,,,,,,,0.801,0.132,5.0,-10.618,1.0,0.0775,0.959,8.55e-06,0.169,0.818,83.182,audio_features,7jcwlFGOfRfu4Z4mcYcu2y,spotify:track:7jcwlFGOfRfu4Z4mcYcu2y,https://api.spotify.com/v1/tracks/7jcwlFGOfRfu4Z4mcYcu2y,https://api.spotify.com/v1/audio-analysis/7jcwlFGOfRfu4Z4mcYcu2y,181209.0,4.0,
53,53,53.0, New Mexico,Tucumcari,Willin',Little Feat,spotify:track:0jMyU6bO52IYhAEoWbT4K9,60,1972-01-01,,,,,,,,,,,,,,,,,,,,0.541,0.662,7.0,-7.196,1.0,0.0382,0.175,0.0,0.0803,0.742,144.046,audio_features,0jMyU6bO52IYhAEoWbT4K9,spotify:track:0jMyU6bO52IYhAEoWbT4K9,https://api.spotify.com/v1/tracks/0jMyU6bO52IYhAEoWbT4K9,https://api.spotify.com/v1/audio-analysis/0jMyU6bO52IYhAEoWbT4K9,174573.0,4.0,
