,song_city,song_state,song_artist,song_name,uris,duration_ms,popularity,date
98,Sioux Falls,South Dakota,Withered Beauty,Broken,spotify:track:4W8sUeokQKfHt1uTXp0Jq0,200672,76,4/17/20
108,Rapid City,South Dakota,Fifteen,924,spotify:track:1D2L6MefbXon28PzIk9I3r,211426,72,4/27/18
150,Rapid City,South Dakota,"Shaquille O'Neal, ShaqIsDope",Mans Not Hot,spotify:track:6X5OFBbrsHRsyO1zP7udgr,186026,67,9/22/17
188,Aberdeen,South Dakota,Rod Stewart,Ole Ola,spotify:track:1PCvKFPWnTXAe2oaReVUcr,222520,66,11/21/14
112,Rapid City,South Dakota,Future,March Madness,spotify:track:3WcC6NH9J77xPEvj1SOL7z,244511,64,3/21/15
107,Rapid City,South Dakota,Imperial Teen,Lipstick,spotify:track:2i1nmBnMkDGFTTjeGGIOTm,200293,59,11/17/14
151,Rapid City,South Dakota,Jon Jorgenson & Common Man Music,When I Lose You,spotify:track:1LbwMX3159t6QxG3u7DRWe,169720,59,6/16/17
210,Aberdeen,South Dakota,Achim Reichel,Aloha Heja He,spotify:track:3AQLL3Waks6LJ9FI8TFHGA,243146,56,1/1/91
141,Rapid City,South Dakota,Kevin Gates,Federal Pressure,spotify:track:73qvKxjIenqo9i0Z52I7Jc,171493,55,12/19/18
145,Rapid City,South Dakota,Tee Grizzley,God's Warrior,spotify:track:3Dkj37f0j3th0ZqtbWxh2s,167704,55,6/7/19
42,South Dakota,South Dakota,Pato Banton,Go Pato,spotify:track:4f1EdNgsnvVz6K5Qbu5JS0,275400,54,1/1/08
165,Rapid City,South Dakota,Pacewon,You,spotify:track:6Z9syPcYlnUvpMgmjQydIG,218293,54,10/25/11
176,Aberdeen,South Dakota,Cage the Elephant,Aberdeen,spotify:track:3L8sfv4Fb8pONhiMA4nAKJ,192920,54,1/10/11
39,South Dakota,South Dakota,Young Thug,Yamborghini Dream,spotify:track:2QBxdLNImwEDJCzI0Yzeka,227571,51,12/18/15
140,Rapid City,South Dakota,Gone West,Slow Down,spotify:track:67W4ZBcLxMCi5qSVnIsWJQ,232635,50,3/3/20
8,South Dakota,South Dakota,Big & Rich,8th of November,spotify:track:2X0aeFJXJZpeK2nSWvypiI,298240,49,11/15/05
27,South Dakota,South Dakota,Kid Rock,I Am,spotify:track:1k29zSC5RfaFYK5bTpK5O3,290493,49,8/5/98
126,Rapid City,South Dakota,Ghetto Commission,Bad Weather,spotify:track:6hAXcxHwMjotB8kCoSkdZg,363893,46,9/27/19
19,South Dakota,South Dakota,Toby Keith,Stays in Mexico,spotify:track:3EaUpHrrmoupWICI0uf6Y0,214800,45,1/1/08
84,Sioux Falls,South Dakota,Toby Keith,Stays in Mexico,spotify:track:3EaUpHrrmoupWICI0uf6Y0,214800,45,1/1/08
5,South Dakota,South Dakota,Bob Dylan,Ballad Of Hollis Brown,spotify:track:3Si9u9FVlUTcUXVcawnstJ,302306,44,1/13/64
93,Sioux Falls,South Dakota,Lupe Fiasco,Around My Way (Freedom Ain't Free),spotify:track:2Vba5MBCdGqcE57GSiOstv,255773,44,9/25/12
71,South Dakota,South Dakota,Kip Moore,Lipstick,spotify:track:1dEbGYcKvaf6LVVvRmsJJv,257853,43,8/21/15
167,Rapid City,South Dakota,"Fntxy, Alemán, Yung Sarria",Lo Paqui,spotify:track:4zZbkwTv36shTzGKt2wQXB,189499,43,4/20/19
195,Aberdeen,South Dakota,Pixies,Catfish Kate,spotify:track:2A6HCBN8tKnScxJc6uiarM,188306,43,8/6/19
189,Aberdeen,South Dakota,Taj Mahal,Don't Leave Me Here,spotify:track:1pDwZmpFoPyPTApIgCLwHS,301373,41,5/5/17
45,South Dakota,South Dakota,Manchester Orchestra,"Lead, SD",spotify:track:10fiZCExnOMqElSX952WZI,293920,40,7/28/17
47,South Dakota,South Dakota,Atmosphere,Jason,spotify:track:0KxgUgDARVHcJogTGxeiDk,294986,40,10/28/11
60,South Dakota,South Dakota,Purple Mountains,That's Just the Way That I Feel,spotify:track:5mgCP62kIGit9ICUdaqIgq,203693,40,7/12/19
85,Sioux Falls,South Dakota,Atmosphere,Jason,spotify:track:0KxgUgDARVHcJogTGxeiDk,294986,40,10/28/11
154,Rapid City,South Dakota,Lonnie Liston Smith,Night Life,spotify:track:58EvnxQz4OhOCmuHtCefr5,283826,40,1963
173,Aberdeen,South Dakota,Kenny Wayne Shepherd,Aberdeen,spotify:track:6hnsgL0pFkkMR5GKYWXCA6,255906,40,9/15/95
57,South Dakota,South Dakota,Displaced,Hydroplane,spotify:track:56rVNDEfzX0ImxDOGTIzL1,254081,39,4/29/20
142,Rapid City,South Dakota,"Heems, Your Old Droog",Bangladesh,spotify:track:4UJ8bdbAw3qdETpt68BUN8,214653,39,3/10/17
62,South Dakota,South Dakota,Tim Armstrong,Hold On,spotify:track:17mbHWWuGYgE9EsdZ2gvTj,234280,38,5/22/07
120,Rapid City,South Dakota,Redman,Flipmode Squad Meets Def Squad,spotify:track:69zdwVJe3HidP5RYwr6QLJ,490506,38,1996
175,Aberdeen,South Dakota,Cage the Elephant,Aberdeen [Unpeeled],spotify:track:6z3RIjrBz6d2tVPYZ9rikZ,173840,38,7/28/17
34,South Dakota,South Dakota,The Blues Brothers,"""B"" Movie Box Car Blues",spotify:track:4jX5YH4N3E32pmLz1AlAuT,244400,37,11/1/78
73,South Dakota,South Dakota,A Silent Film,"Danny, Dakota & the Wishing Well",spotify:track:2Nkb9b7ahV0IbRKGyQ20rG,284960,37,6/5/12
86,Sioux Falls,South Dakota,Elizabeth Mitchell,Little Liza Jane,spotify:track:5nQ9w1NpLQb75MthKUB2ty,144386,37,8/29/06
37,South Dakota,South Dakota,Cowboy Junkies,Pale Sun,spotify:track:1NPc8OBMVk7VQQl8RdMxVy,190200,36,11/23/93
38,South Dakota,South Dakota,Cowboy Junkies,Pale Sun [DVD],error,190200,36,11/23/93
51,South Dakota,South Dakota,Renald Francoeur,Tour The States,spotify:track:4XmEqSQknEr3z2PzwiPXwm,235360,36,7/13/12
160,Rapid City,South Dakota,Ces Cru,When Worlds Collide,spotify:track:6pYUmeHVAzhkZzJ0yvK4sl,255160,36,3/26/13
204,Aberdeen,South Dakota,Fish,Lucky,spotify:track:2FRsZLQcMShPfR6IU2pnhD,414200,36,1975
118,Rapid City,South Dakota,Young Jeezy,Pretty Diamonds,spotify:track:303Pc3UNmT8QdJSOiCXIOl,269440,35,10/28/16
119,Rapid City,South Dakota,"Slaughterhouse, Eminem, Yelawolf",Shady CXVPHER,error,269440,35,10/28/16
21,South Dakota,South Dakota,2 Chainz,Fork,spotify:track:6rRupvuAzMWi8XcxHF4wPH,227413,34,1/1/13
192,Aberdeen,South Dakota,Darius Rucker,Shine,spotify:track:6UwbXw6m8fJKunpx9Rq9vM,251973,34,1/1/13
9,South Dakota,South Dakota,Rise Against,Ballad of Hollis Brown,spotify:track:2N4waKZvWf3lBhMKtcpXLe,311960,33,1/1/13
16,South Dakota,South Dakota,Emmylou Harris,The Ballad of Sally Rose,spotify:track:087tt0dhMQVyosWG3pkSKI,171800,33,1/14/85
24,South Dakota,South Dakota,Busta Rhymes,Everybody Rise Again,spotify:track:6nJyg6asDkAqfJNSbKaW9z,253773,33,11/7/01
102,Rapid City,South Dakota,Emmylou Harris,The Ballad of Sally Rose,spotify:track:087tt0dhMQVyosWG3pkSKI,171800,33,1/14/85
127,Rapid City,South Dakota,Twista,Still Feels So Good,spotify:track:66Ejr8hUlkfSUjDJEmV45n,249213,33,1/27/04
184,Aberdeen,South Dakota,Bob Dylan,Highlands,spotify:track:1KeOceXRwh3e7qHa00jszs,991466,33,9/30/97
15,South Dakota,South Dakota,Silver Jews,Federal Dust,spotify:track:5E4AIOCPNZ8EGg6ebjFCPs,241440,32,10/20/98
49,South Dakota,South Dakota,Bo Burnham,Binary Reality,spotify:track:6VB2pwxMqfabH2H0n8JzRX,161426,32,10/19/10
168,Rapid City,South Dakota,Andre Nickatina,Tears of a Clown,spotify:track:08J8HzioRU6OlQxfl0MATm,223946,32,5/18/99
90,Sioux Falls,South Dakota,Rotary Club of Ann Arbor North,White Squall,spotify:track:4qvt3kxvkm65NkcVwXZjRE,236506,31,6/16/17
91,Sioux Falls,South Dakota,Lupe Fiasco,Around My Way (Freedom Isn't Free),error,236506,31,6/16/17
80,South Dakota,South Dakota,Ashley Monroe,Like A Rose,spotify:track:4PIf3nZnlNdfjyx6zrPbeO,230676,30,3/5/13
81,South Dakota,South Dakota,Kwaan Blades,Keep 'Em Koming (feat. Littyk),error,230676,30,3/5/13
89,Sioux Falls,South Dakota,Stan Rogers,White Squall,spotify:track:2rUCRk8WADafoUBXbCmu7R,302466,30,2009
110,Rapid City,South Dakota,Del the Funky Homosapien,The Wacky World of Rapid Transit,spotify:track:47XnvRlqY7KCLtflGpGWXc,197093,30,10/15/91
121,Rapid City,South Dakota,Method Man,The Riddler,spotify:track:0GzXo2jahyCJbyTEo5fqCB,213733,30,10/24/95
124,Rapid City,South Dakota,Lupe Fiasco,Quotations from Chairman Fred,spotify:track:0fUvBWVKkzzx9tpRsR3KPM,429004,30,9/21/18
139,Rapid City,South Dakota,Wesley Willis Fiasco,Get on the Bus,spotify:track:7H41dPK88OLD28oAH3vIkG,286106,30,9/8/98
166,Rapid City,South Dakota,Conway the Machine,Fentanyl,spotify:track:4UsfXsWMLWZ1USBIJQTFPf,163056,30,1/3/19
100,Rapid City,South Dakota,Okkervil River,Call Yourself Renee,spotify:track:0jSN0UdpCMgKDheH8uzPCy,427184,29,9/9/16
131,Rapid City,South Dakota,Young MC,I Come Off,spotify:track:3vlTwuK1urCWqj0PcZIUgZ,246160,29,1/1/89
187,Aberdeen,South Dakota,Jethro Tull,North Sea Oil,spotify:track:2ypIrQFHSW1oCIUan5EQlD,191213,29,4/3/20
207,Aberdeen,South Dakota,Cock Sparrer,Get a Rope,spotify:track:3aMaC5n8xXsEcqtxzX2Hin,193920,29,10/10/94
17,South Dakota,South Dakota,Lucy Hale,From the Backseat,spotify:track:0GEzHIGTExUfEEdPR0DEyp,187320,28,1/1/14
46,South Dakota,South Dakota,Slightly Stoopid,Ska Diddy,spotify:track:6lpeJ5uFiIUdEGNKfFCXLO,129039,28,8/14/12
122,Rapid City,South Dakota,The Roots,UNIverse at War,spotify:track:3kHiJ0ogo8F6FGioJ9JWzz,295506,28,9/24/96
123,Rapid City,South Dakota,The Roots,Universe at War,spotify:track:3kHiJ0ogo8F6FGioJ9JWzz,295506,28,9/24/96
153,Rapid City,South Dakota,JT,Intro,spotify:track:0J2bI669nprh0wyf5ETRs4,119771,28,6/22/20
163,Rapid City,South Dakota,Ryn Weaver,Runaway,spotify:track:6a9xC2DBEMDcfwjuHioMFO,244253,28,6/2/15
6,South Dakota,South Dakota,Nina Simone,The Ballad of Hollis Brown,spotify:track:2q5vF4iyk4JtNa4T3aZfNk,295280,27,1/1/66
11,South Dakota,South Dakota,Nazareth,The Ballad of Hollis Brown,spotify:track:2q5vF4iyk4JtNa4T3aZfNk,295280,27,1/1/66
13,South Dakota,South Dakota,Entombed,The Ballad of Hollis Brown,spotify:track:2q5vF4iyk4JtNa4T3aZfNk,295280,27,1/1/66
52,South Dakota,South Dakota,Lil' Keke,Baller in the Mix,spotify:track:5Ix3DtIEWBTgkmQwkJ2JLX,256266,27,1998
82,South Dakota,South Dakota,Jim Morris,Laid Back and Key Wasted,spotify:track:6Ke81264AK3y7M81G72Vx2,251541,27,7/20/99
40,South Dakota,South Dakota,Animaniacs,Wakko's America,spotify:track:4RKqRiCNDuaMNo5a8OLRDW,143346,26,6/4/13
41,South Dakota,South Dakota,.38 Special,Haley's Got a Harley,error,143346,26,6/4/13
117,Rapid City,South Dakota,Drama,Takin Pictures,spotify:track:5BoKPKk7OdpEzwPhowb2xU,267186,26,12/3/07
125,Rapid City,South Dakota,Young Buck,Takin Pictures,spotify:track:5BoKPKk7OdpEzwPhowb2xU,267186,26,12/3/07
174,Aberdeen,South Dakota,Joe Strummer,Arms Aloft,spotify:track:4nQ36HROfZY6ed45fjgceP,227640,26,10/21/03
197,Aberdeen,South Dakota,Ray LaMontagne,Julia,spotify:track:5ifWm06qGqkzZQnWXUBvr5,201413,26,4/25/14
198,Aberdeen,South Dakota,Tommy Makem,"Bonny Laddie, Hieland Laddie",error,201413,26,4/25/14
203,Aberdeen,South Dakota,Fountains of Wayne,I-95,spotify:track:2mxVcdcGIBCVjBtIgOa42q,188266,26,1/1/07
32,South Dakota,South Dakota,Shawn Colvin,Steady On,spotify:track:4Cmj0bjUBLd9WuWayEZJJy,298160,25,10/12/89
106,Rapid City,South Dakota,The Bouncing Souls,"The Freaks, Nerds, and Romantics",spotify:track:06TjKIoPpBPI0PHF5V5IOn,152000,25,1995
111,Rapid City,South Dakota,Jim Croce,Rapid Roy (The Stock Car Boy),spotify:track:1XTEh9DAJp2khkwWm0IGoA,166213,25,9/26/74
129,Rapid City,South Dakota,Naughty by Nature,It's On,spotify:track:3lanCLtaKrSkKzMuiS2HNF,304866,25,2/23/93
30,South Dakota,South Dakota,Biz Markie,Just Rhymin' with Biz,spotify:track:3KBoU4tM9uMFUdN33kgTcR,241960,24,1/1/88
31,South Dakota,South Dakota,Big Daddy Kane,Just Rhymin' with Biz,spotify:track:3KBoU4tM9uMFUdN33kgTcR,241960,24,1/1/88
132,Rapid City,South Dakota,Method Man,Spazzola,spotify:track:55I6QZMyZI6XSA2XcGwGwX,234573,24,10/11/98
94,Sioux Falls,South Dakota,Pat Green,All Just to Get to You,spotify:track:2VwwJipwog1cFRNVrLec7U,230213,23,1/1/12
95,Sioux Falls,South Dakota,C.W. McCall,I Wish There Was More That I Could Give,error,230213,23,1/1/12
136,Rapid City,South Dakota,RZA,Unspoken Word,spotify:track:3LEa4Glh19BrprR1JP831K,284866,23,11/24/98
161,Rapid City,South Dakota,Wrekonize,Neon Skies,spotify:track:7BhzvVipFi2E4CevitIFM8,221840,23,6/25/13
162,Rapid City,South Dakota,Sea Wolf,"White Water, White Bloom",spotify:track:3C8PLzfuail2JpVlw5neCW,265493,23,9/22/09
171,Aberdeen,South Dakota,Bukka White,Aberdeen Mississippi Blues,spotify:track:7E25omG6JvGlMnfkJdzLwP,155973,23,8/24/70
205,Aberdeen,South Dakota,The Hold Steady,Yeah Sapphire,spotify:track:6mtiU3KOoR4Kbr8oTeNmMq,216520,23,6/17/08
206,Aberdeen,South Dakota,Marcel Amont,TIMOTHY MAC INTOSH,error,216520,23,6/17/08
97,Sioux Falls,South Dakota,"Snotty Nose Rez Kids, Drezus",Skoden Remix,spotify:track:6IA8EedTsZhNVNHlUiiVqN,279057,22,9/27/17
105,Rapid City,South Dakota,Braid,Never Will Come for Us,spotify:track:5lJVCbb4sgnCX4BRC0XMh3,211133,22,1998
79,South Dakota,South Dakota,Big Daddy Kane,Next Up,spotify:track:56rD02DmVoLRuzfdGPumOD,183600,21,8/7/07
196,Aberdeen,South Dakota,Jon Hopkins,John Taylor's Month Away,spotify:track:4kobehcjjfIsU5xKSJrJMx,391800,21,5/24/11
223,Watertown,South Dakota,Katerine,Patouseul,spotify:track:0CjSN6iHfI0SirrouLUHTA,187746,21,4/7/14
70,South Dakota,South Dakota,Autumn Hill,Fire,spotify:track:42W8IudTZVluU7mtgZQgl4,239973,20,1/1/13
77,South Dakota,South Dakota,Charlie Daniels,Let Freedom Ring,spotify:track:4TDTYHtRQScCQu8e3b0Z86,301333,20,4/23/91
78,South Dakota,South Dakota,Tech N9ne,Planet Rock 2k [Down South Remix],error,301333,20,4/23/91
101,Rapid City,South Dakota,Dilated Peoples,Rapid Transit,spotify:track:04H3EJztE2HEM6guBJhqdX,381853,20,2/21/06
128,Rapid City,South Dakota,The Clash,Movers and Shakers,spotify:track:3q2a2YN8rfRqX9V73brcYk,181600,20,1985
133,Rapid City,South Dakota,Jermaine Dupri,Hate Blood,spotify:track:0EKPFDBVyeE1vMfI4ghc3L,234506,20,10/30/01
134,Rapid City,South Dakota,Company Flow,Collude/Intrude,error,234506,20,10/30/01
147,Rapid City,South Dakota,Rottin Razkals,Oh Yeah,spotify:track:3n7Eb7kdpMw4DgrcbEwtNG,203466,20,5/17/11
156,Rapid City,South Dakota,Street Dogs,In Defense of Dorchester,spotify:track:5yKufQqhfr5yQ5HmcqCPTT,151946,20,3/25/05
172,Aberdeen,South Dakota,Pearl Jam,Arms Aloft,spotify:track:4Rw3jV02Oc2zYzTKeCDCG3,207693,20,1/18/11
185,Aberdeen,South Dakota,The Andrews Sisters,Corns For My Country,spotify:track:4vjro3t87ydxhlQ9uqf8o0,168373,20,5/18/20
186,Aberdeen,South Dakota,Charlie Daniels,Let Freedom Ring,spotify:track:4TDTYHtRQScCQu8e3b0Z86,301333,20,4/23/91
209,Aberdeen,South Dakota,Fred Eaglesmith,Milly's Cafe,spotify:track:1QVHZBzXnMi639iyd97xiY,301226,20,1/25/11
216,Watertown,South Dakota,Frank Sinatra,Watertown,spotify:track:6kKbLvA8HT3L0OqdmHTnFX,216066,20,1970-03
55,South Dakota,South Dakota,Eve 6,Everything,spotify:track:2ApRKQrn2rBaoA8yaRPZrH,205973,19,1/1/12
75,South Dakota,South Dakota,Dolly Parton,Highway Headin' South,spotify:track:7LDJZCUTqQrbSrDtldIr3z,125453,19,9/16/74
157,Rapid City,South Dakota,M.O.P.,Ride,spotify:track:3DqhSvKpL5RXYmbWCrL78e,282733,19,8/11/98
219,Watertown,South Dakota,Cowboy Junkies,"Murder, Tonight, In the Trailer Park",spotify:track:0FYCWX3ONEJCT4AUlOJMng,273133,19,9/10/01
220,Watertown,South Dakota,Cowboy Junkies,"Murrder, Tonight in the Trailer Park",spotify:track:0FYCWX3ONEJCT4AUlOJMng,273133,19,9/10/01
1,South Dakota,South Dakota,Bee Gees,South Dakota Morning,spotify:track:6Qmx84uFTW9owAIrcOT0y5,146133,18,1/1/73
35,South Dakota,South Dakota,Colt Ford,What I Call Home,spotify:track:14AAb2TLONyvf0aNS8i45E,247226,18,5/3/11
69,South Dakota,South Dakota,Jeremy Fisher,Let It Shine,spotify:track:12ayYfPVJ6U29xLFFprFK9,238293,18,10/12/04
76,South Dakota,South Dakota,69 Boyz,Woof Woof,spotify:track:1bg4iNalDl3bUBClWGmK2b,271933,18,7/2/98
177,Aberdeen,South Dakota,Las Pelotas,La Vaca y el Bife,spotify:track:4kGBpnoIawwUQAoNlHDUB8,144413,18,2/8/05
190,Aberdeen,South Dakota,Fairport Convention,Sir Patrick Spens,spotify:track:2y1N4Rn63f34GdDj4hIOoP,240213,18,12/1/69
44,South Dakota,South Dakota,Kids Learning Tube,50 States Of America,spotify:track:3tztsilIBqZPtiYJRostml,301818,17,4/7/16
114,Rapid City,South Dakota,Wu-Tang Clan,Windmill,spotify:track:3ETgl4lvGNuUuJnSSuLYrI,271333,17,12/11/07
155,Rapid City,South Dakota,Company Flow,Patriotism,spotify:track:2Sij0kBQmqdMm6n9WabKPf,185760,17,7/12/05
200,Aberdeen,South Dakota,Kaizers Orchestra,Hevnervals,spotify:track:6DEYRym1PY06R3a0wkgp0H,170501,17,1/29/03
28,South Dakota,South Dakota,Delbert McClinton,B Movie Boxcar Blues,spotify:track:2efuPX0OytuZqVP058BxW3,263506,16,1989
144,Rapid City,South Dakota,Gravediggaz,Pit of Snakes,spotify:track:4o9yXQh5IiLppFvBiUx5F4,259706,16,10/14/97
159,Rapid City,South Dakota,Ces Cru,Radiate,spotify:track:1D5brfZycD4P79xfVeyzpN,232320,16,3/26/13
3,South Dakota,South Dakota,Johnny Cash,Big Foot,spotify:track:1efUjIw5XZ3yGSTZzvs1v0,182066,15,7/28/72
12,South Dakota,South Dakota,David Lynch,The Ballad of Hollis Brown,spotify:track:7DRZqg0uA7V6WOFfBFD5pm,312383,15,7/15/13
20,South Dakota,South Dakota,The Mills Brothers,Nagasaki,spotify:track:4Zuf9tCBsZ4kOC76pnXQmt,144361,15,12/1/17
29,South Dakota,South Dakota,E-40,Duckin' & Dodgin',spotify:track:16XQDZk39QyHOUTPtBpM5f,224666,15,5/19/99
63,South Dakota,South Dakota,Craig Finn,Carmen Isn't Coming in Today,spotify:track:4Rfvv7yLh9Ig34s9ybjQa9,233133,15,4/26/19
202,Aberdeen,South Dakota,Mary Gauthier,Please,spotify:track:5t65jUWzdsLFU0vyttWawD,303613,15,1/1/07
221,Watertown,South Dakota,Jude Cole,Right There Now,spotify:track:1y5i8ZPZLGW55HtmznwMtD,304640,15,11/1/05
50,South Dakota,South Dakota,Murs,The Shutters,spotify:track:5OVuHy1p9aFMUqe6jRxjv0,193236,14,7/19/19
72,South Dakota,South Dakota,The Dead Milkmen,Do the Brown Nose,spotify:track:77xnLDFjn3fzy8rDm39HDT,281026,14,1997
92,Sioux Falls,South Dakota,Joe Ely,All Just to Get to You,spotify:track:0UkPMnb66Flm9at65If7EX,255893,14,1/1/95
109,Rapid City,South Dakota,Iggy Pop,A Machine for Loving,spotify:track:1tUuQoozcjN2Ddz1WPBjp9,195666,14,1/1/09
138,Rapid City,South Dakota,Crucial Conflict,Back Against the Wall,spotify:track:4m0IsdjSZxzijUPpRaNSsB,319826,13,1/1/98
178,Aberdeen,South Dakota,The Associates,White Car in Germany,spotify:track:2xcy4i0fIJ1Q4GadcLsSu9,331440,13,10/1/81
215,Brookings,South Dakota,Letters to Cleo,Sister,spotify:track:18H17Ibqfbvb9kYvbeJ1K6,266054,13,1998
135,Rapid City,South Dakota,Kool G Rap,Letters,spotify:track:5LXhX1KJOOT8UVnxoe9M65,220360,12,1992
148,Rapid City,South Dakota,J-Live,A Charmed Life,spotify:track:6Gen07qGcr1pyqKrVogecs,231920,12,4/2/02
158,Rapid City,South Dakota,DJ Jazzy Jeff,A Charmed Life,spotify:track:5atuKyVWpdFe4YcLZ5ndog,256733,12,8/12/02
193,Aberdeen,South Dakota,The Charlatans UK,The Misbegotten,spotify:track:3O0by5IuVUskUNtDeODZbp,251746,12,5/12/08
199,Aberdeen,South Dakota,Andy M. Stewart,The Haughs of Cromdale,spotify:track:2V8mS8RFOM8hBfWcorOH3i,222733,12,3/15/06
201,Aberdeen,South Dakota,Cracker,Maggie,spotify:track:1iieAoBXbO5r3zcqRFkj7j,223133,12,7/5/06
211,Aberdeen,South Dakota,Suidakra,Haughs of Cromdale,spotify:track:2V8mS8RFOM8hBfWcorOH3i,222733,12,3/15/06
213,Aberdeen,South Dakota,Manus Lunny,The Haughs of Cromdale,spotify:track:2V8mS8RFOM8hBfWcorOH3i,222733,12,3/15/06
56,South Dakota,South Dakota,The Promise Ring,Run Down the Waterfall,spotify:track:2AjTz1i6NP8G15gFYGtfSZ,188560,11,9/10/96
143,Rapid City,South Dakota,Flesh-N-Bone,Coming 2 Serve You,spotify:track:09eA5L9JzItfNvnsH21U0E,331640,11,1/1/96
169,Rapid City,South Dakota,Andre Nickatina,Oh God,spotify:track:1KbmntKKC1BiqVGV61aw8c,176826,11,12/12/06
181,Aberdeen,South Dakota,Ari Hest,Aberdeen,spotify:track:4TXHS1Zatb4teTDmxIbEUy,278875,11,6/3/16
191,Aberdeen,South Dakota,Randy Travis,Roamin' Wyomin',spotify:track:0Nl2b9cK3YGn6PTAIjphx9,152426,10,8/17/93
48,South Dakota,South Dakota,Better Than Ezra,New Kind of Low: Low/Coma,spotify:track:3PqebK4LcB88CjFWSessr2,317066,9,8/14/98
59,South Dakota,South Dakota,Babybird,Jesus Is My Girlfriend,spotify:track:2h121MpbOQ9UFtHiZ6mR1z,324173,9,10/21/96
96,Sioux Falls,South Dakota,The Handsome Family,Flies,spotify:track:4EtpZ08WdL4aQAYswZRA9J,221750,9,5/14/13
103,Rapid City,South Dakota,John Denver,Trail of Tears,spotify:track:2gyBpf24lqY7EnazsyG3v4,239440,9,1985
104,Rapid City,South Dakota,Redman,Dis Iz Brick City,error,239440,9,1985
179,Aberdeen,South Dakota,Damien Jurado,Shannon Rhodes,spotify:track:21bEckUf2APJ1UZTFzcDqs,310426,9,10/10/06
217,Watertown,South Dakota,The Notorious B.I.G.,Realest N*ggas,spotify:track:3x20Sm3W0XHSYEJ5QQ2wOV,358146,9,4/15/14
0,South Dakota,South Dakota,Liz Phair,South Dakota,spotify:track:3MOpHznJURu9tfroi3iq5P,261040,8,5/4/18
36,South Dakota,South Dakota,Nick Cave,"You, Man? Human???",spotify:track:37barOyV4dRXv3i77nUgfX,214306,8,6/25/12
74,South Dakota,South Dakota,Porter Wagoner,Highway Headin' South,spotify:track:2ymSa56zg2WcX7lmioZWHA,125453,8,6/4/13
88,Sioux Falls,South Dakota,Randy Travis,Blue Mesa,spotify:track:4tEF1mv6vn5haAl0AenFM3,180933,8,8/17/93
4,South Dakota,South Dakota,Bobby Darin,East of the Rockies,spotify:track:5yg0HC5MckLATLOLaK72bL,169000,6,7/26/05
53,South Dakota,South Dakota,Ellis Paul,The Ballad of Chris McCandless,spotify:track:2P81MSXGUIENIXrTV0QOKG,300666,6,1/1/02
65,South Dakota,South Dakota,Chris Walla,Sing Again,spotify:track:2ZyMSDtv2jJTKXg0LbY8oA,151266,6,2008
83,South Dakota,South Dakota,Nefarious,Jealous,spotify:track:7g4GsJFtdS9YrHVHaoa6vi,277733,6,2/29/00
113,Rapid City,South Dakota,Tech N9ne,Kansas City King,spotify:track:7xpdBNVRsZ7Jn7A1uqnvwm,335133,6,6/15/04
10,South Dakota,South Dakota,The Stooges,Rich Bitch,spotify:track:5abmQ6GJJSqvNktsqd1kcb,706000,5,1997
115,Rapid City,South Dakota,Rudy Kalma,California Genesis,spotify:track:20qla8MVPAQR2weKwmxMQW,168837,5,1/16/18
116,Rapid City,South Dakota,Josiah Davis,My City (feat. Kira Maschari & AJ Garcia),error,168837,5,1/16/18
130,Rapid City,South Dakota,The Guess Who,Those Show Biz Shoes,spotify:track:2eQASfMteyl4TPqlZDyfyb,409893,5,1/1/73
146,Rapid City,South Dakota,Ultramagnetic MC's,Don't Be Scared,spotify:track:21fbTptAfvJ43KgKgiJ43i,303066,5,1993
180,Aberdeen,South Dakota,Ellis Paul,Eighteen,spotify:track:68E4JgcyYdmsrbSQH8uWNz,266360,5,10/10/06
26,South Dakota,South Dakota,The Nitty Gritty Dirt Band,Slim Carter,spotify:track:3C4dgIfnp0JK0f4HjJKqtI,185426,4,1/1/71
68,South Dakota,South Dakota,Kay Hanley,Galapagos,spotify:track:2Q7uw3kDxJR3bSBaGyNsdp,385106,4,9/6/19
87,Sioux Falls,South Dakota,Kay Hanley,Galapagos,spotify:track:2Q7uw3kDxJR3bSBaGyNsdp,385106,4,9/6/19
170,Rapid City,South Dakota,Braille,Goliath,spotify:track:2H43UNcuEerhlD0Ipvq3GW,215920,4,1/1/04
218,Watertown,South Dakota,Sawyer Brown,Thunder Bay,spotify:track:0hE8geOyddqXzEKeg9GHhd,285773,4,1/7/91
14,South Dakota,South Dakota,Kid Dakota,Pine Ridge,spotify:track:2u2GlTdXVIXGfZv3KLKJp2,264973,3,5/1/04
18,South Dakota,South Dakota,Allan Sherman,Holiday for States,spotify:track:1rXVU5w2M16RULGVoqp6y9,95800,3,2/8/05
25,South Dakota,South Dakota,"The Manhattan Transfer, Gene Pistilli",One More Time Around Rosie,spotify:track:60olrXf8qGe6zYxw1W69o0,260440,3,1971
64,South Dakota,South Dakota,J-Zone,The Commandment$,spotify:track:7COtKrDyn7NtIayXaCfHnQ,132680,3,7/22/03
137,Rapid City,South Dakota,The Church,The Further Adventures of the Time Being,spotify:track:0z5perQ3swmILxCQnFz7aZ,358866,3,8/19/96
164,Rapid City,South Dakota,Dan Reed Network,World Has a Heart Too,spotify:track:6BwibPoVqIK1RkQAJ4rbFJ,77266,3,1/1/88
194,Aberdeen,South Dakota,Buzzcocks,Trash Away,spotify:track:46GVkQoegN4uTtGl6MkOnj,284346,3,6/2/93
208,Aberdeen,South Dakota,Laura Cantrell,Kitty Wells Dresses,spotify:track:5DLm9ptHW07Ycn7BxjYPpw,206093,3,5/17/11
7,South Dakota,South Dakota,Mike Seeger,The Ballad of Hollis Brown,spotify:track:7qGQ7egJdD34UomqJxBD5Y,327666,2,9/6/94
54,South Dakota,South Dakota,Lari White,Woman of the World,spotify:track:4JFgVMAPKzIYbHhzSwNZfl,216226,2,1995
182,Aberdeen,South Dakota,The Kingston Trio,Bonny Hielan' Laddie,spotify:track:3CieK7CKpeEDyeBAMG9lM9,167106,2,8/12/95
61,South Dakota,South Dakota,Bellwether,South Dakota,spotify:track:6ur1X9y11LRJzNHHaUq60h,193773,1,2000
2,South Dakota,South Dakota,Nanci Griffith,Shaking Out the Snow,spotify:track:7h7j1QFRGInqfrK0OkWbMj,284800,0,11/2/18
22,South Dakota,South Dakota,Jon Brooks & The Outskirts of Approval,War Resister,spotify:track:3BZOAYnkFDHxqKYjWuUIkZ,217529,0,9/13/19
23,South Dakota,South Dakota,Neil Young,Misfits,spotify:track:4tFst9NreamKbPkospoa7c,362280,0,7/12/12
33,South Dakota,South Dakota,Nanci Griffith,"Deadwood, South Dakota",spotify:track:4v3AV6rr8rgaQrZB0Bz9l7,175680,0,1/1/07
43,South Dakota,South Dakota,Molly Hatchet,Kickstart to Freedom,spotify:track:0jBeDdsxupsczJSA6dJPJ4,253548,0,6/1/20
58,South Dakota,South Dakota,Randy Moser,Bottom of the Barrel,spotify:track:4SDqKc0T67bQfLLjdijQof,140511,0,2/27/18
66,South Dakota,South Dakota,Wedlock,World Machine (Universal),spotify:track:2PjN8YpwcUpDyuBxIsyzpA,265011,0,4/1/11
67,South Dakota,South Dakota,Kane's River,Sea of South Dakota,spotify:track:7qx9ll8oekR7FTuUWAavcF,239666,0,6/15/13
99,Rapid City,South Dakota,Jon Brooks & The Outskirts of Approval,War Resister,spotify:track:3BZOAYnkFDHxqKYjWuUIkZ,217529,0,9/13/19
149,Rapid City,South Dakota,Ningatrybe Lex,Sazón,spotify:track:5qmqpFMGjq3MxcEoSH3Y1U,179043,0,4/7/18
152,Rapid City,South Dakota,1cy Prophecy,Space Beamer,spotify:track:2bUqjQaY9Dptm2pBowA57n,166961,0,1/14/18
183,Aberdeen,South Dakota,The Andrews Sisters,(I'm Getting) Corns for My Country,spotify:track:7xLvZaBbKWUfztcTS8Gqlo,210480,0,7/20/13
212,Aberdeen,South Dakota,Anvil,Flying,spotify:track:2mECLURseqnaaKtG3xW8cT,345000,0,12/9/14
214,Aberdeen,South Dakota,Die Partygeier,Aloha Heja He,spotify:track:39fKXH6MU3AQAFHW7VY47w,242053,0,12/15/13
222,Watertown,South Dakota,ElliottBros1,Gucci Gabe,spotify:track:0ASjUB5xz8u2iIhVXYLOU2,103338,0,12/30/18